{
    "historyObjects": [
        {
            "callerName": "Sarah Kovalve",
            "avatarUrl" : "https://i.pravatar.cc/300",
            "callType": "outoging",
            "callWith": "John Smith",
            "callThrough": "number",
            "callDuration": "8:23:45",
            "callDate": "2021-11-12T07:49:20"
        },
        {
            "callerName": "Kiran Raj",
            "avatarUrl" : "",
            "callType": "incoming",
            "callWith": "John Smith",
            "callThrough": "number",
            "callDuration": "8:23:45",
            "callDate": "2021-11-26T07:49:20"
        },
        {
            "callerName": "+1234123414",
            "avatarUrl" : "https://i.pravatar.cc/301",
            "callType": "missed",
            "callWith": "John Smith",
            "callThrough": "number",
            "callDuration": "8:23:45",
            "callDate": "2021-11-19T07:49:20"
        },
        {
            "callerName": "Venkatesh prasad",
            "avatarUrl" : "https://i.pravatar.cc/302",
            "callType": "noresponse",
            "callWith": "John Smith",
            "callThrough": "website",
            "callDuration": "0",
            "callDate": "2021-11-27T07:49:20"
        },
        {
            "callerName": "Rahul Dravid",
            "avatarUrl" : "",
            "callType": "rejected",
            "callWith": "John Smith",
            "callThrough": "website",
            "callDuration": "0",
            "callDate": "2021-11-20T07:49:20"
        }
    ]
}