{
    "permissions": {
        "modules": [
            {
                "name": "Zenoti_Connect",
                "objects": [
                    {
                        "name": "Access",
                        "id": "f96525d5-d2a7-4657-ad85-746bc9f21490",
                        "actions": [
                            {
                                "name": "Enable",
                                "is_enabled": true
                            }
                        ]
                    },
                    {
                        "name": "Guest",
                        "id": "04d20048-9922-4c55-a536-bc677bc01d93",
                        "actions": [
                            {
                                "name": "Mask Contact info",
                                "is_enabled": false
                            },
                            {
                                "name": "View guest profile",
                                "is_enabled": true
                            }
                        ]
                    },
                    {
                        "name": "Messages",
                        "id": "554f652c-f330-44a5-b30a-727a47a70e78",
                        "actions": [
                            {
                                "name": "Send",
                                "is_enabled": false
                            }
                        ]
                    },
                    {
                        "name": "Saved Responses",
                        "id": "88eeb4ce-0efe-4b60-b933-2a946ac278c0",
                        "actions": [
                            {
                                "name": "Create & Edit",
                                "is_enabled": false
                            },
                            {
                                "name": "Send",
                                "is_enabled": true
                            }
                        ]
                    },
                    {
                        "name": "EzConnect Reports",
                        "id": "88eeb4ce-0efe-4b60-b933-2a946ac278c0",
                        "actions": [
                            {
                                "name": "Enable",
                                "is_enabled": true
                            }
                        ]
                    },
                    {
                        "name": "EzConnect Voice",
                        "id": "88eeb4ce-0efe-4b60-b933-2a946ac278c0",
                        "actions": [
                            {
                                "name": "Make outgoing call",
                                "is_enabled": true
                            },
                            {
                                "name": "Receive incoming call",
                                "is_enabled": true
                            }
                        ]
                    }
                ]
            }
        ]
    },
    "error": null
}