{
    "user_roles": [
        {
            "id": "f31b7df0-f597-46fd-99a0-33eaf805d7ee",
            "name": "Accountant 1"
        },
        {
            "id": "d3f51bb1-ac61-45b5-b1f1-f3bb647e0eed",
            "name": "Admin Staff 1"
        },
        {
            "id": "dd4255fe-61e2-4584-a25f-217d3fffe0f0",
            "name": "Administrator 1"
        },
        {
            "id": "ad5640c4-6bd7-4d67-a795-6ca2cb244acb",
            "name": "Authentication 1"
        },
        {
            "id": "aecb4592-d4c4-45f6-a048-645696c96efa",
            "name": "Housekeeping 1"
        },
        {
            "id": "874bcd20-099e-4943-809a-3500672bb2cc",
            "name": "HR Manager 1"
        },
        {
            "id": "19c6fbbc-a8da-4bf1-8757-10612d745681",
            "name": "Instructor 1"
        },
        {
            "id": "d032fc90-61d8-4899-b49a-735c89a73d59",
            "name": "Inventory Manager 1"
        },
        {
            "id": "37b9bd1c-c353-462a-81ca-3048f2a45540",
            "name": "Manager 1"
        },
        {
            "id": "1ea7e139-0163-4c81-93be-92e5c75e5690",
            "name": "Marketing Manager 1"
        },
        {
            "id": "bfd637ea-cdba-4185-8f63-400687133b65",
            "name": "Monitor 1"
        },
        {
            "id": "30257a3c-c296-406c-ae33-e310bd3eee45",
            "name": "Owner 1"
        },
        {
            "id": "d2dbf80f-9896-45a6-826d-c4dc8b9d5d3a",
            "name": "PMSReceptionist 1"
        },
        {
            "id": "28a8e9c8-6ea7-4e23-88e5-824dd82b929c",
            "name": "Receptionist 1"
        },
        {
            "id": "06947c8a-07dc-4ab0-b424-2fd9cf305715",
            "name": "Supervisor 1"
        },
        {
            "id": "077880c6-b9d8-49ce-8208-8e592f6a7baa",
            "name": "Therapist 1"
        },
        {
            "id": "6d45a556-692f-48cd-9bb8-16434ce225cb",
            "name": "Zonal Manager 1"
        }
    ],
    "error": null
}