
    [
        {
            "text":"All",
            "value":"0"
        },
        {
            "text":"Read",
            "value":"1"
        },
        {
            "text":"Unread",
            "value":"2"
        },
        {
            "text":"WhatsApp Alert",
            "value":"3"
        },
        {
            "text":"Blocked",
            "value":"4"
        },
        {
            "text":"Messenger Alert",
            "value":"5"
        },
        {
            "text":"Unmerged",
            "value":"6"
        },
        {
            "text":"Mentioned",
            "value":"99"
        },
        {
            "text":"Instagram Alert",
            "value":"8"
        }
    ]
