{
    "dog": {
        "keywords": [
            "animal",
            "friend",
            "nature",
            "woof",
            "puppy",
            "pet",
            "faithful"
        ],
        "char": "🐶",
        "fitzpatrick_scale": false,
        "category": "animals_and_nature"
    },
    "cat": {
        "keywords": [
            "animal",
            "meow",
            "nature",
            "pet",
            "kitten"
        ],
        "char": "🐱",
        "fitzpatrick_scale": false,
        "category": "animals_and_nature"
    },
    "mouse": {
        "keywords": [
            "animal",
            "nature",
            "cheese_wedge",
            "rodent"
        ],
        "char": "🐭",
        "fitzpatrick_scale": false,
        "category": "animals_and_nature"
    },
    "hamster": {
        "keywords": [
            "animal",
            "nature"
        ],
        "char": "🐹",
        "fitzpatrick_scale": false,
        "category": "animals_and_nature"
    },
    "rabbit": {
        "keywords": [
            "animal",
            "nature",
            "pet",
            "spring",
            "magic",
            "bunny"
        ],
        "char": "🐰",
        "fitzpatrick_scale": false,
        "category": "animals_and_nature"
    },
    "fox_face": {
        "keywords": [
            "animal",
            "nature",
            "face"
        ],
        "char": "🦊",
        "fitzpatrick_scale": false,
        "category": "animals_and_nature"
    },
    "bear": {
        "keywords": [
            "animal",
            "nature",
            "wild"
        ],
        "char": "🐻",
        "fitzpatrick_scale": false,
        "category": "animals_and_nature"
    },
    "panda_face": {
        "keywords": [
            "animal",
            "nature",
            "panda"
        ],
        "char": "🐼",
        "fitzpatrick_scale": false,
        "category": "animals_and_nature"
    },
    "koala": {
        "keywords": [
            "animal",
            "nature"
        ],
        "char": "🐨",
        "fitzpatrick_scale": false,
        "category": "animals_and_nature"
    },
    "tiger": {
        "keywords": [
            "animal",
            "cat",
            "danger",
            "wild",
            "nature",
            "roar"
        ],
        "char": "🐯",
        "fitzpatrick_scale": false,
        "category": "animals_and_nature"
    },
    "lion": {
        "keywords": [
            "animal",
            "nature"
        ],
        "char": "🦁",
        "fitzpatrick_scale": false,
        "category": "animals_and_nature"
    },
    "cow": {
        "keywords": [
            "beef",
            "ox",
            "animal",
            "nature",
            "moo",
            "milk"
        ],
        "char": "🐮",
        "fitzpatrick_scale": false,
        "category": "animals_and_nature"
    },
    "pig": {
        "keywords": [
            "animal",
            "oink",
            "nature"
        ],
        "char": "🐷",
        "fitzpatrick_scale": false,
        "category": "animals_and_nature"
    },
    "pig_nose": {
        "keywords": [
            "animal",
            "oink"
        ],
        "char": "🐽",
        "fitzpatrick_scale": false,
        "category": "animals_and_nature"
    },
    "frog": {
        "keywords": [
            "animal",
            "nature",
            "croak",
            "toad"
        ],
        "char": "🐸",
        "fitzpatrick_scale": false,
        "category": "animals_and_nature"
    },
    "squid": {
        "keywords": [
            "animal",
            "nature",
            "ocean",
            "sea"
        ],
        "char": "🦑",
        "fitzpatrick_scale": false,
        "category": "animals_and_nature"
    },
    "octopus": {
        "keywords": [
            "animal",
            "creature",
            "ocean",
            "sea",
            "nature",
            "beach"
        ],
        "char": "🐙",
        "fitzpatrick_scale": false,
        "category": "animals_and_nature"
    },
    "shrimp": {
        "keywords": [
            "animal",
            "ocean",
            "nature",
            "seafood"
        ],
        "char": "🦐",
        "fitzpatrick_scale": false,
        "category": "animals_and_nature"
    },
    "monkey_face": {
        "keywords": [
            "animal",
            "nature",
            "circus"
        ],
        "char": "🐵",
        "fitzpatrick_scale": false,
        "category": "animals_and_nature"
    },
    "gorilla": {
        "keywords": [
            "animal",
            "nature",
            "circus"
        ],
        "char": "🦍",
        "fitzpatrick_scale": false,
        "category": "animals_and_nature"
    },
    "see_no_evil": {
        "keywords": [
            "monkey",
            "animal",
            "nature",
            "haha"
        ],
        "char": "🙈",
        "fitzpatrick_scale": false,
        "category": "animals_and_nature"
    },
    "hear_no_evil": {
        "keywords": [
            "animal",
            "monkey",
            "nature"
        ],
        "char": "🙉",
        "fitzpatrick_scale": false,
        "category": "animals_and_nature"
    },
    "speak_no_evil": {
        "keywords": [
            "monkey",
            "animal",
            "nature",
            "omg"
        ],
        "char": "🙊",
        "fitzpatrick_scale": false,
        "category": "animals_and_nature"
    },
    "monkey": {
        "keywords": [
            "animal",
            "nature",
            "banana",
            "circus"
        ],
        "char": "🐒",
        "fitzpatrick_scale": false,
        "category": "animals_and_nature"
    },
    "chicken": {
        "keywords": [
            "animal",
            "cluck",
            "nature",
            "bird"
        ],
        "char": "🐔",
        "fitzpatrick_scale": false,
        "category": "animals_and_nature"
    },
    "penguin": {
        "keywords": [
            "animal",
            "nature"
        ],
        "char": "🐧",
        "fitzpatrick_scale": false,
        "category": "animals_and_nature"
    },
    "bird": {
        "keywords": [
            "animal",
            "nature",
            "fly",
            "tweet",
            "spring"
        ],
        "char": "🐦",
        "fitzpatrick_scale": false,
        "category": "animals_and_nature"
    },
    "baby_chick": {
        "keywords": [
            "animal",
            "chicken",
            "bird"
        ],
        "char": "🐤",
        "fitzpatrick_scale": false,
        "category": "animals_and_nature"
    },
    "hatching_chick": {
        "keywords": [
            "animal",
            "chicken",
            "egg",
            "born",
            "baby",
            "bird"
        ],
        "char": "🐣",
        "fitzpatrick_scale": false,
        "category": "animals_and_nature"
    },
    "hatched_chick": {
        "keywords": [
            "animal",
            "chicken",
            "baby",
            "bird"
        ],
        "char": "🐥",
        "fitzpatrick_scale": false,
        "category": "animals_and_nature"
    },
    "duck": {
        "keywords": [
            "animal",
            "nature",
            "bird",
            "mallard"
        ],
        "char": "🦆",
        "fitzpatrick_scale": false,
        "category": "animals_and_nature"
    },
    "eagle": {
        "keywords": [
            "animal",
            "nature",
            "bird"
        ],
        "char": "🦅",
        "fitzpatrick_scale": false,
        "category": "animals_and_nature"
    },
    "owl": {
        "keywords": [
            "animal",
            "nature",
            "bird",
            "hoot"
        ],
        "char": "🦉",
        "fitzpatrick_scale": false,
        "category": "animals_and_nature"
    },
    "bat": {
        "keywords": [
            "animal",
            "nature",
            "blind",
            "vampire"
        ],
        "char": "🦇",
        "fitzpatrick_scale": false,
        "category": "animals_and_nature"
    },
    "wolf": {
        "keywords": [
            "animal",
            "nature",
            "wild"
        ],
        "char": "🐺",
        "fitzpatrick_scale": false,
        "category": "animals_and_nature"
    },
    "boar": {
        "keywords": [
            "animal",
            "nature"
        ],
        "char": "🐗",
        "fitzpatrick_scale": false,
        "category": "animals_and_nature"
    },
    "horse": {
        "keywords": [
            "animal",
            "brown",
            "nature"
        ],
        "char": "🐴",
        "fitzpatrick_scale": false,
        "category": "animals_and_nature"
    },
    "unicorn": {
        "keywords": [
            "animal",
            "nature",
            "mystical"
        ],
        "char": "🦄",
        "fitzpatrick_scale": false,
        "category": "animals_and_nature"
    },
    "honeybee": {
        "keywords": [
            "animal",
            "insect",
            "nature",
            "bug",
            "spring",
            "honey"
        ],
        "char": "🐝",
        "fitzpatrick_scale": false,
        "category": "animals_and_nature"
    },
    "bug": {
        "keywords": [
            "animal",
            "insect",
            "nature",
            "worm"
        ],
        "char": "🐛",
        "fitzpatrick_scale": false,
        "category": "animals_and_nature"
    },
    "butterfly": {
        "keywords": [
            "animal",
            "insect",
            "nature",
            "caterpillar"
        ],
        "char": "🦋",
        "fitzpatrick_scale": false,
        "category": "animals_and_nature"
    },
    "snail": {
        "keywords": [
            "slow",
            "animal",
            "shell"
        ],
        "char": "🐌",
        "fitzpatrick_scale": false,
        "category": "animals_and_nature"
    },
    "beetle": {
        "keywords": [
            "animal",
            "insect",
            "nature",
            "ladybug"
        ],
        "char": "🐞",
        "fitzpatrick_scale": false,
        "category": "animals_and_nature"
    },
    "ant": {
        "keywords": [
            "animal",
            "insect",
            "nature",
            "bug"
        ],
        "char": "🐜",
        "fitzpatrick_scale": false,
        "category": "animals_and_nature"
    },
    "grasshopper": {
        "keywords": [
            "animal",
            "cricket",
            "chirp"
        ],
        "char": "🦗",
        "fitzpatrick_scale": false,
        "category": "animals_and_nature"
    },
    "spider": {
        "keywords": [
            "animal",
            "arachnid"
        ],
        "char": "🕷",
        "fitzpatrick_scale": false,
        "category": "animals_and_nature"
    },
    "scorpion": {
        "keywords": [
            "animal",
            "arachnid"
        ],
        "char": "🦂",
        "fitzpatrick_scale": false,
        "category": "animals_and_nature"
    },
    "crab": {
        "keywords": [
            "animal",
            "crustacean"
        ],
        "char": "🦀",
        "fitzpatrick_scale": false,
        "category": "animals_and_nature"
    },
    "snake": {
        "keywords": [
            "animal",
            "evil",
            "nature",
            "hiss",
            "python"
        ],
        "char": "🐍",
        "fitzpatrick_scale": false,
        "category": "animals_and_nature"
    },
    "lizard": {
        "keywords": [
            "animal",
            "nature",
            "reptile"
        ],
        "char": "🦎",
        "fitzpatrick_scale": false,
        "category": "animals_and_nature"
    },
    "t_rex": {
        "keywords": [
            "animal",
            "nature",
            "dinosaur",
            "tyrannosaurus",
            "extinct"
        ],
        "char": "🦖",
        "fitzpatrick_scale": false,
        "category": "animals_and_nature"
    },
    "sauropod": {
        "keywords": [
            "animal",
            "nature",
            "dinosaur",
            "brachiosaurus",
            "brontosaurus",
            "diplodocus",
            "extinct"
        ],
        "char": "🦕",
        "fitzpatrick_scale": false,
        "category": "animals_and_nature"
    },
    "turtle": {
        "keywords": [
            "animal",
            "slow",
            "nature",
            "tortoise"
        ],
        "char": "🐢",
        "fitzpatrick_scale": false,
        "category": "animals_and_nature"
    },
    "tropical_fish": {
        "keywords": [
            "animal",
            "swim",
            "ocean",
            "beach",
            "nemo"
        ],
        "char": "🐠",
        "fitzpatrick_scale": false,
        "category": "animals_and_nature"
    },
    "fish": {
        "keywords": [
            "animal",
            "food",
            "nature"
        ],
        "char": "🐟",
        "fitzpatrick_scale": false,
        "category": "animals_and_nature"
    },
    "blowfish": {
        "keywords": [
            "animal",
            "nature",
            "food",
            "sea",
            "ocean"
        ],
        "char": "🐡",
        "fitzpatrick_scale": false,
        "category": "animals_and_nature"
    },
    "dolphin": {
        "keywords": [
            "animal",
            "nature",
            "fish",
            "sea",
            "ocean",
            "flipper",
            "fins",
            "beach"
        ],
        "char": "🐬",
        "fitzpatrick_scale": false,
        "category": "animals_and_nature"
    },
    "shark": {
        "keywords": [
            "animal",
            "nature",
            "fish",
            "sea",
            "ocean",
            "jaws",
            "fins",
            "beach"
        ],
        "char": "🦈",
        "fitzpatrick_scale": false,
        "category": "animals_and_nature"
    },
    "whale": {
        "keywords": [
            "animal",
            "nature",
            "sea",
            "ocean"
        ],
        "char": "🐳",
        "fitzpatrick_scale": false,
        "category": "animals_and_nature"
    },
    "whale2": {
        "keywords": [
            "animal",
            "nature",
            "sea",
            "ocean"
        ],
        "char": "🐋",
        "fitzpatrick_scale": false,
        "category": "animals_and_nature"
    },
    "crocodile": {
        "keywords": [
            "animal",
            "nature",
            "reptile",
            "lizard",
            "alligator"
        ],
        "char": "🐊",
        "fitzpatrick_scale": false,
        "category": "animals_and_nature"
    },
    "leopard": {
        "keywords": [
            "animal",
            "nature"
        ],
        "char": "🐆",
        "fitzpatrick_scale": false,
        "category": "animals_and_nature"
    },
    "zebra": {
        "keywords": [
            "animal",
            "nature",
            "stripes",
            "safari"
        ],
        "char": "🦓",
        "fitzpatrick_scale": false,
        "category": "animals_and_nature"
    },
    "tiger2": {
        "keywords": [
            "animal",
            "nature",
            "roar"
        ],
        "char": "🐅",
        "fitzpatrick_scale": false,
        "category": "animals_and_nature"
    },
    "water_buffalo": {
        "keywords": [
            "animal",
            "nature",
            "ox",
            "cow"
        ],
        "char": "🐃",
        "fitzpatrick_scale": false,
        "category": "animals_and_nature"
    },
    "ox": {
        "keywords": [
            "animal",
            "cow",
            "beef"
        ],
        "char": "🐂",
        "fitzpatrick_scale": false,
        "category": "animals_and_nature"
    },
    "cow2": {
        "keywords": [
            "beef",
            "ox",
            "animal",
            "nature",
            "moo",
            "milk"
        ],
        "char": "🐄",
        "fitzpatrick_scale": false,
        "category": "animals_and_nature"
    },
    "deer": {
        "keywords": [
            "animal",
            "nature",
            "horns",
            "venison"
        ],
        "char": "🦌",
        "fitzpatrick_scale": false,
        "category": "animals_and_nature"
    },
    "dromedary_camel": {
        "keywords": [
            "animal",
            "hot",
            "desert",
            "hump"
        ],
        "char": "🐪",
        "fitzpatrick_scale": false,
        "category": "animals_and_nature"
    },
    "camel": {
        "keywords": [
            "animal",
            "nature",
            "hot",
            "desert",
            "hump"
        ],
        "char": "🐫",
        "fitzpatrick_scale": false,
        "category": "animals_and_nature"
    },
    "giraffe": {
        "keywords": [
            "animal",
            "nature",
            "spots",
            "safari"
        ],
        "char": "🦒",
        "fitzpatrick_scale": false,
        "category": "animals_and_nature"
    },
    "elephant": {
        "keywords": [
            "animal",
            "nature",
            "nose",
            "th",
            "circus"
        ],
        "char": "🐘",
        "fitzpatrick_scale": false,
        "category": "animals_and_nature"
    },
    "rhinoceros": {
        "keywords": [
            "animal",
            "nature",
            "horn"
        ],
        "char": "🦏",
        "fitzpatrick_scale": false,
        "category": "animals_and_nature"
    },
    "goat": {
        "keywords": [
            "animal",
            "nature"
        ],
        "char": "🐐",
        "fitzpatrick_scale": false,
        "category": "animals_and_nature"
    },
    "ram": {
        "keywords": [
            "animal",
            "sheep",
            "nature"
        ],
        "char": "🐏",
        "fitzpatrick_scale": false,
        "category": "animals_and_nature"
    },
    "sheep": {
        "keywords": [
            "animal",
            "nature",
            "wool",
            "shipit"
        ],
        "char": "🐑",
        "fitzpatrick_scale": false,
        "category": "animals_and_nature"
    },
    "racehorse": {
        "keywords": [
            "animal",
            "gamble",
            "luck"
        ],
        "char": "🐎",
        "fitzpatrick_scale": false,
        "category": "animals_and_nature"
    },
    "pig2": {
        "keywords": [
            "animal",
            "nature"
        ],
        "char": "🐖",
        "fitzpatrick_scale": false,
        "category": "animals_and_nature"
    },
    "rat": {
        "keywords": [
            "animal",
            "mouse",
            "rodent"
        ],
        "char": "🐀",
        "fitzpatrick_scale": false,
        "category": "animals_and_nature"
    },
    "mouse2": {
        "keywords": [
            "animal",
            "nature",
            "rodent"
        ],
        "char": "🐁",
        "fitzpatrick_scale": false,
        "category": "animals_and_nature"
    },
    "rooster": {
        "keywords": [
            "animal",
            "nature",
            "chicken"
        ],
        "char": "🐓",
        "fitzpatrick_scale": false,
        "category": "animals_and_nature"
    },
    "turkey": {
        "keywords": [
            "animal",
            "bird"
        ],
        "char": "🦃",
        "fitzpatrick_scale": false,
        "category": "animals_and_nature"
    },
    "dove": {
        "keywords": [
            "animal",
            "bird"
        ],
        "char": "🕊",
        "fitzpatrick_scale": false,
        "category": "animals_and_nature"
    },
    "dog2": {
        "keywords": [
            "animal",
            "nature",
            "friend",
            "doge",
            "pet",
            "faithful"
        ],
        "char": "🐕",
        "fitzpatrick_scale": false,
        "category": "animals_and_nature"
    },
    "poodle": {
        "keywords": [
            "dog",
            "animal",
            "101",
            "nature",
            "pet"
        ],
        "char": "🐩",
        "fitzpatrick_scale": false,
        "category": "animals_and_nature"
    },
    "cat2": {
        "keywords": [
            "animal",
            "meow",
            "pet",
            "cats"
        ],
        "char": "🐈",
        "fitzpatrick_scale": false,
        "category": "animals_and_nature"
    },
    "rabbit2": {
        "keywords": [
            "animal",
            "nature",
            "pet",
            "magic",
            "spring"
        ],
        "char": "🐇",
        "fitzpatrick_scale": false,
        "category": "animals_and_nature"
    },
    "chipmunk": {
        "keywords": [
            "animal",
            "nature",
            "rodent",
            "squirrel"
        ],
        "char": "🐿",
        "fitzpatrick_scale": false,
        "category": "animals_and_nature"
    },
    "hedgehog": {
        "keywords": [
            "animal",
            "nature",
            "spiny"
        ],
        "char": "🦔",
        "fitzpatrick_scale": false,
        "category": "animals_and_nature"
    },
    "raccoon": {
        "keywords": [
            "animal",
            "nature"
        ],
        "char": "🦝",
        "fitzpatrick_scale": false,
        "category": "animals_and_nature"
    },
    "llama": {
        "keywords": [
            "animal",
            "nature",
            "alpaca"
        ],
        "char": "🦙",
        "fitzpatrick_scale": false,
        "category": "animals_and_nature"
    },
    "hippopotamus": {
        "keywords": [
            "animal",
            "nature"
        ],
        "char": "🦛",
        "fitzpatrick_scale": false,
        "category": "animals_and_nature"
    },
    "kangaroo": {
        "keywords": [
            "animal",
            "nature",
            "australia",
            "joey",
            "hop",
            "marsupial"
        ],
        "char": "🦘",
        "fitzpatrick_scale": false,
        "category": "animals_and_nature"
    },
    "badger": {
        "keywords": [
            "animal",
            "nature",
            "honey"
        ],
        "char": "🦡",
        "fitzpatrick_scale": false,
        "category": "animals_and_nature"
    },
    "swan": {
        "keywords": [
            "animal",
            "nature",
            "bird"
        ],
        "char": "🦢",
        "fitzpatrick_scale": false,
        "category": "animals_and_nature"
    },
    "peacock": {
        "keywords": [
            "animal",
            "nature",
            "peahen",
            "bird"
        ],
        "char": "🦚",
        "fitzpatrick_scale": false,
        "category": "animals_and_nature"
    },
    "parrot": {
        "keywords": [
            "animal",
            "nature",
            "bird",
            "pirate",
            "talk"
        ],
        "char": "🦜",
        "fitzpatrick_scale": false,
        "category": "animals_and_nature"
    },
    "lobster": {
        "keywords": [
            "animal",
            "nature",
            "bisque",
            "claws",
            "seafood"
        ],
        "char": "🦞",
        "fitzpatrick_scale": false,
        "category": "animals_and_nature"
    },
    "mosquito": {
        "keywords": [
            "animal",
            "nature",
            "insect",
            "malaria"
        ],
        "char": "🦟",
        "fitzpatrick_scale": false,
        "category": "animals_and_nature"
    },
    "paw_prints": {
        "keywords": [
            "animal",
            "tracking",
            "footprints",
            "dog",
            "cat",
            "pet",
            "feet"
        ],
        "char": "🐾",
        "fitzpatrick_scale": false,
        "category": "animals_and_nature"
    },
    "dragon": {
        "keywords": [
            "animal",
            "myth",
            "nature",
            "chinese",
            "green"
        ],
        "char": "🐉",
        "fitzpatrick_scale": false,
        "category": "animals_and_nature"
    },
    "dragon_face": {
        "keywords": [
            "animal",
            "myth",
            "nature",
            "chinese",
            "green"
        ],
        "char": "🐲",
        "fitzpatrick_scale": false,
        "category": "animals_and_nature"
    },
    "cactus": {
        "keywords": [
            "vegetable",
            "plant",
            "nature"
        ],
        "char": "🌵",
        "fitzpatrick_scale": false,
        "category": "animals_and_nature"
    },
    "christmas_tree": {
        "keywords": [
            "festival",
            "vacation",
            "december",
            "xmas",
            "celebration"
        ],
        "char": "🎄",
        "fitzpatrick_scale": false,
        "category": "animals_and_nature"
    },
    "evergreen_tree": {
        "keywords": [
            "plant",
            "nature"
        ],
        "char": "🌲",
        "fitzpatrick_scale": false,
        "category": "animals_and_nature"
    },
    "deciduous_tree": {
        "keywords": [
            "plant",
            "nature"
        ],
        "char": "🌳",
        "fitzpatrick_scale": false,
        "category": "animals_and_nature"
    },
    "palm_tree": {
        "keywords": [
            "plant",
            "vegetable",
            "nature",
            "summer",
            "beach",
            "mojito",
            "tropical"
        ],
        "char": "🌴",
        "fitzpatrick_scale": false,
        "category": "animals_and_nature"
    },
    "seedling": {
        "keywords": [
            "plant",
            "nature",
            "grass",
            "lawn",
            "spring"
        ],
        "char": "🌱",
        "fitzpatrick_scale": false,
        "category": "animals_and_nature"
    },
    "herb": {
        "keywords": [
            "vegetable",
            "plant",
            "medicine",
            "weed",
            "grass",
            "lawn"
        ],
        "char": "🌿",
        "fitzpatrick_scale": false,
        "category": "animals_and_nature"
    },
    "shamrock": {
        "keywords": [
            "vegetable",
            "plant",
            "nature",
            "irish",
            "clover"
        ],
        "char": "☘",
        "fitzpatrick_scale": false,
        "category": "animals_and_nature"
    },
    "four_leaf_clover": {
        "keywords": [
            "vegetable",
            "plant",
            "nature",
            "lucky",
            "irish"
        ],
        "char": "🍀",
        "fitzpatrick_scale": false,
        "category": "animals_and_nature"
    },
    "bamboo": {
        "keywords": [
            "plant",
            "nature",
            "vegetable",
            "panda",
            "pine_decoration"
        ],
        "char": "🎍",
        "fitzpatrick_scale": false,
        "category": "animals_and_nature"
    },
    "tanabata_tree": {
        "keywords": [
            "plant",
            "nature",
            "branch",
            "summer"
        ],
        "char": "🎋",
        "fitzpatrick_scale": false,
        "category": "animals_and_nature"
    },
    "leaves": {
        "keywords": [
            "nature",
            "plant",
            "tree",
            "vegetable",
            "grass",
            "lawn",
            "spring"
        ],
        "char": "🍃",
        "fitzpatrick_scale": false,
        "category": "animals_and_nature"
    },
    "fallen_leaf": {
        "keywords": [
            "nature",
            "plant",
            "vegetable",
            "leaves"
        ],
        "char": "🍂",
        "fitzpatrick_scale": false,
        "category": "animals_and_nature"
    },
    "maple_leaf": {
        "keywords": [
            "nature",
            "plant",
            "vegetable",
            "ca",
            "fall"
        ],
        "char": "🍁",
        "fitzpatrick_scale": false,
        "category": "animals_and_nature"
    },
    "ear_of_rice": {
        "keywords": [
            "nature",
            "plant"
        ],
        "char": "🌾",
        "fitzpatrick_scale": false,
        "category": "animals_and_nature"
    },
    "hibiscus": {
        "keywords": [
            "plant",
            "vegetable",
            "flowers",
            "beach"
        ],
        "char": "🌺",
        "fitzpatrick_scale": false,
        "category": "animals_and_nature"
    },
    "sunflower": {
        "keywords": [
            "nature",
            "plant",
            "fall"
        ],
        "char": "🌻",
        "fitzpatrick_scale": false,
        "category": "animals_and_nature"
    },
    "rose": {
        "keywords": [
            "flowers",
            "valentines",
            "love",
            "spring"
        ],
        "char": "🌹",
        "fitzpatrick_scale": false,
        "category": "animals_and_nature"
    },
    "wilted_flower": {
        "keywords": [
            "plant",
            "nature",
            "flower"
        ],
        "char": "🥀",
        "fitzpatrick_scale": false,
        "category": "animals_and_nature"
    },
    "tulip": {
        "keywords": [
            "flowers",
            "plant",
            "nature",
            "summer",
            "spring"
        ],
        "char": "🌷",
        "fitzpatrick_scale": false,
        "category": "animals_and_nature"
    },
    "blossom": {
        "keywords": [
            "nature",
            "flowers",
            "yellow"
        ],
        "char": "🌼",
        "fitzpatrick_scale": false,
        "category": "animals_and_nature"
    },
    "cherry_blossom": {
        "keywords": [
            "nature",
            "plant",
            "spring",
            "flower"
        ],
        "char": "🌸",
        "fitzpatrick_scale": false,
        "category": "animals_and_nature"
    },
    "bouquet": {
        "keywords": [
            "flowers",
            "nature",
            "spring"
        ],
        "char": "💐",
        "fitzpatrick_scale": false,
        "category": "animals_and_nature"
    },
    "mushroom": {
        "keywords": [
            "plant",
            "vegetable"
        ],
        "char": "🍄",
        "fitzpatrick_scale": false,
        "category": "animals_and_nature"
    },
    "chestnut": {
        "keywords": [
            "food",
            "squirrel"
        ],
        "char": "🌰",
        "fitzpatrick_scale": false,
        "category": "animals_and_nature"
    },
    "jack_o_lantern": {
        "keywords": [
            "halloween",
            "light",
            "pumpkin",
            "creepy",
            "fall"
        ],
        "char": "🎃",
        "fitzpatrick_scale": false,
        "category": "animals_and_nature"
    },
    "shell": {
        "keywords": [
            "nature",
            "sea",
            "beach"
        ],
        "char": "🐚",
        "fitzpatrick_scale": false,
        "category": "animals_and_nature"
    },
    "spider_web": {
        "keywords": [
            "animal",
            "insect",
            "arachnid",
            "silk"
        ],
        "char": "🕸",
        "fitzpatrick_scale": false,
        "category": "animals_and_nature"
    },
    "earth_americas": {
        "keywords": [
            "globe",
            "world",
            "USA",
            "international"
        ],
        "char": "🌎",
        "fitzpatrick_scale": false,
        "category": "animals_and_nature"
    },
    "earth_africa": {
        "keywords": [
            "globe",
            "world",
            "international"
        ],
        "char": "🌍",
        "fitzpatrick_scale": false,
        "category": "animals_and_nature"
    },
    "earth_asia": {
        "keywords": [
            "globe",
            "world",
            "east",
            "international"
        ],
        "char": "🌏",
        "fitzpatrick_scale": false,
        "category": "animals_and_nature"
    },
    "full_moon": {
        "keywords": [
            "nature",
            "yellow",
            "twilight",
            "planet",
            "space",
            "night",
            "evening",
            "sleep"
        ],
        "char": "🌕",
        "fitzpatrick_scale": false,
        "category": "animals_and_nature"
    },
    "waning_gibbous_moon": {
        "keywords": [
            "nature",
            "twilight",
            "planet",
            "space",
            "night",
            "evening",
            "sleep",
            "waxing_gibbous_moon"
        ],
        "char": "🌖",
        "fitzpatrick_scale": false,
        "category": "animals_and_nature"
    },
    "last_quarter_moon": {
        "keywords": [
            "nature",
            "twilight",
            "planet",
            "space",
            "night",
            "evening",
            "sleep"
        ],
        "char": "🌗",
        "fitzpatrick_scale": false,
        "category": "animals_and_nature"
    },
    "waning_crescent_moon": {
        "keywords": [
            "nature",
            "twilight",
            "planet",
            "space",
            "night",
            "evening",
            "sleep"
        ],
        "char": "🌘",
        "fitzpatrick_scale": false,
        "category": "animals_and_nature"
    },
    "new_moon": {
        "keywords": [
            "nature",
            "twilight",
            "planet",
            "space",
            "night",
            "evening",
            "sleep"
        ],
        "char": "🌑",
        "fitzpatrick_scale": false,
        "category": "animals_and_nature"
    },
    "waxing_crescent_moon": {
        "keywords": [
            "nature",
            "twilight",
            "planet",
            "space",
            "night",
            "evening",
            "sleep"
        ],
        "char": "🌒",
        "fitzpatrick_scale": false,
        "category": "animals_and_nature"
    },
    "first_quarter_moon": {
        "keywords": [
            "nature",
            "twilight",
            "planet",
            "space",
            "night",
            "evening",
            "sleep"
        ],
        "char": "🌓",
        "fitzpatrick_scale": false,
        "category": "animals_and_nature"
    },
    "waxing_gibbous_moon": {
        "keywords": [
            "nature",
            "night",
            "sky",
            "gray",
            "twilight",
            "planet",
            "space",
            "evening",
            "sleep"
        ],
        "char": "🌔",
        "fitzpatrick_scale": false,
        "category": "animals_and_nature"
    },
    "new_moon_with_face": {
        "keywords": [
            "nature",
            "twilight",
            "planet",
            "space",
            "night",
            "evening",
            "sleep"
        ],
        "char": "🌚",
        "fitzpatrick_scale": false,
        "category": "animals_and_nature"
    },
    "full_moon_with_face": {
        "keywords": [
            "nature",
            "twilight",
            "planet",
            "space",
            "night",
            "evening",
            "sleep"
        ],
        "char": "🌝",
        "fitzpatrick_scale": false,
        "category": "animals_and_nature"
    },
    "first_quarter_moon_with_face": {
        "keywords": [
            "nature",
            "twilight",
            "planet",
            "space",
            "night",
            "evening",
            "sleep"
        ],
        "char": "🌛",
        "fitzpatrick_scale": false,
        "category": "animals_and_nature"
    },
    "last_quarter_moon_with_face": {
        "keywords": [
            "nature",
            "twilight",
            "planet",
            "space",
            "night",
            "evening",
            "sleep"
        ],
        "char": "🌜",
        "fitzpatrick_scale": false,
        "category": "animals_and_nature"
    },
    "sun_with_face": {
        "keywords": [
            "nature",
            "morning",
            "sky"
        ],
        "char": "🌞",
        "fitzpatrick_scale": false,
        "category": "animals_and_nature"
    },
    "crescent_moon": {
        "keywords": [
            "night",
            "sleep",
            "sky",
            "evening",
            "magic"
        ],
        "char": "🌙",
        "fitzpatrick_scale": false,
        "category": "animals_and_nature"
    },
    "star": {
        "keywords": [
            "night",
            "yellow"
        ],
        "char": "⭐",
        "fitzpatrick_scale": false,
        "category": "animals_and_nature"
    },
    "star2": {
        "keywords": [
            "night",
            "sparkle",
            "awesome",
            "good",
            "magic"
        ],
        "char": "🌟",
        "fitzpatrick_scale": false,
        "category": "animals_and_nature"
    },
    "dizzy": {
        "keywords": [
            "star",
            "sparkle",
            "shoot",
            "magic"
        ],
        "char": "💫",
        "fitzpatrick_scale": false,
        "category": "animals_and_nature"
    },
    "sparkles": {
        "keywords": [
            "stars",
            "shine",
            "shiny",
            "cool",
            "awesome",
            "good",
            "magic"
        ],
        "char": "✨",
        "fitzpatrick_scale": false,
        "category": "animals_and_nature"
    },
    "comet": {
        "keywords": [
            "space"
        ],
        "char": "☄",
        "fitzpatrick_scale": false,
        "category": "animals_and_nature"
    },
    "sunny": {
        "keywords": [
            "weather",
            "nature",
            "brightness",
            "summer",
            "beach",
            "spring"
        ],
        "char": "☀️",
        "fitzpatrick_scale": false,
        "category": "animals_and_nature"
    },
    "sun_behind_small_cloud": {
        "keywords": [
            "weather"
        ],
        "char": "🌤",
        "fitzpatrick_scale": false,
        "category": "animals_and_nature"
    },
    "partly_sunny": {
        "keywords": [
            "weather",
            "nature",
            "cloudy",
            "morning",
            "fall",
            "spring"
        ],
        "char": "⛅",
        "fitzpatrick_scale": false,
        "category": "animals_and_nature"
    },
    "sun_behind_large_cloud": {
        "keywords": [
            "weather"
        ],
        "char": "🌥",
        "fitzpatrick_scale": false,
        "category": "animals_and_nature"
    },
    "sun_behind_rain_cloud": {
        "keywords": [
            "weather"
        ],
        "char": "🌦",
        "fitzpatrick_scale": false,
        "category": "animals_and_nature"
    },
    "cloud": {
        "keywords": [
            "weather",
            "sky"
        ],
        "char": "☁️",
        "fitzpatrick_scale": false,
        "category": "animals_and_nature"
    },
    "cloud_with_rain": {
        "keywords": [
            "weather"
        ],
        "char": "🌧",
        "fitzpatrick_scale": false,
        "category": "animals_and_nature"
    },
    "cloud_with_lightning_and_rain": {
        "keywords": [
            "weather",
            "lightning"
        ],
        "char": "⛈",
        "fitzpatrick_scale": false,
        "category": "animals_and_nature"
    },
    "cloud_with_lightning": {
        "keywords": [
            "weather",
            "thunder"
        ],
        "char": "🌩",
        "fitzpatrick_scale": false,
        "category": "animals_and_nature"
    },
    "zap": {
        "keywords": [
            "thunder",
            "weather",
            "lightning bolt",
            "fast"
        ],
        "char": "⚡",
        "fitzpatrick_scale": false,
        "category": "animals_and_nature"
    },
    "fire": {
        "keywords": [
            "hot",
            "cook",
            "flame"
        ],
        "char": "🔥",
        "fitzpatrick_scale": false,
        "category": "animals_and_nature"
    },
    "boom": {
        "keywords": [
            "bomb",
            "explode",
            "explosion",
            "collision",
            "blown"
        ],
        "char": "💥",
        "fitzpatrick_scale": false,
        "category": "animals_and_nature"
    },
    "snowflake": {
        "keywords": [
            "winter",
            "season",
            "cold",
            "weather",
            "christmas",
            "xmas"
        ],
        "char": "❄️",
        "fitzpatrick_scale": false,
        "category": "animals_and_nature"
    },
    "cloud_with_snow": {
        "keywords": [
            "weather"
        ],
        "char": "🌨",
        "fitzpatrick_scale": false,
        "category": "animals_and_nature"
    },
    "snowman": {
        "keywords": [
            "winter",
            "season",
            "cold",
            "weather",
            "christmas",
            "xmas",
            "frozen",
            "without_snow"
        ],
        "char": "⛄",
        "fitzpatrick_scale": false,
        "category": "animals_and_nature"
    },
    "snowman_with_snow": {
        "keywords": [
            "winter",
            "season",
            "cold",
            "weather",
            "christmas",
            "xmas",
            "frozen"
        ],
        "char": "☃",
        "fitzpatrick_scale": false,
        "category": "animals_and_nature"
    },
    "wind_face": {
        "keywords": [
            "gust",
            "air"
        ],
        "char": "🌬",
        "fitzpatrick_scale": false,
        "category": "animals_and_nature"
    },
    "dash": {
        "keywords": [
            "wind",
            "air",
            "fast",
            "shoo",
            "fart",
            "smoke",
            "puff"
        ],
        "char": "💨",
        "fitzpatrick_scale": false,
        "category": "animals_and_nature"
    },
    "tornado": {
        "keywords": [
            "weather",
            "cyclone",
            "twister"
        ],
        "char": "🌪",
        "fitzpatrick_scale": false,
        "category": "animals_and_nature"
    },
    "fog": {
        "keywords": [
            "weather"
        ],
        "char": "🌫",
        "fitzpatrick_scale": false,
        "category": "animals_and_nature"
    },
    "open_umbrella": {
        "keywords": [
            "weather",
            "spring"
        ],
        "char": "☂",
        "fitzpatrick_scale": false,
        "category": "animals_and_nature"
    },
    "umbrella": {
        "keywords": [
            "rainy",
            "weather",
            "spring"
        ],
        "char": "☔",
        "fitzpatrick_scale": false,
        "category": "animals_and_nature"
    },
    "droplet": {
        "keywords": [
            "water",
            "drip",
            "faucet",
            "spring"
        ],
        "char": "💧",
        "fitzpatrick_scale": false,
        "category": "animals_and_nature"
    },
    "sweat_drops": {
        "keywords": [
            "water",
            "drip",
            "oops"
        ],
        "char": "💦",
        "fitzpatrick_scale": false,
        "category": "animals_and_nature"
    },
    "ocean": {
        "keywords": [
            "sea",
            "water",
            "wave",
            "nature",
            "tsunami",
            "disaster"
        ],
        "char": "🌊",
        "fitzpatrick_scale": false,
        "category": "animals_and_nature"
    }
}