{
    "watch": {
        "keywords": [
            "time",
            "accessories"
        ],
        "char": "⌚",
        "fitzpatrick_scale": false,
        "category": "objects"
    },
    "iphone": {
        "keywords": [
            "technology",
            "apple",
            "gadgets",
            "dial"
        ],
        "char": "📱",
        "fitzpatrick_scale": false,
        "category": "objects"
    },
    "calling": {
        "keywords": [
            "iphone",
            "incoming"
        ],
        "char": "📲",
        "fitzpatrick_scale": false,
        "category": "objects"
    },
    "computer": {
        "keywords": [
            "technology",
            "laptop",
            "screen",
            "display",
            "monitor"
        ],
        "char": "💻",
        "fitzpatrick_scale": false,
        "category": "objects"
    },
    "keyboard": {
        "keywords": [
            "technology",
            "computer",
            "type",
            "input",
            "text"
        ],
        "char": "⌨",
        "fitzpatrick_scale": false,
        "category": "objects"
    },
    "desktop_computer": {
        "keywords": [
            "technology",
            "computing",
            "screen"
        ],
        "char": "🖥",
        "fitzpatrick_scale": false,
        "category": "objects"
    },
    "printer": {
        "keywords": [
            "paper",
            "ink"
        ],
        "char": "🖨",
        "fitzpatrick_scale": false,
        "category": "objects"
    },
    "computer_mouse": {
        "keywords": [
            "click"
        ],
        "char": "🖱",
        "fitzpatrick_scale": false,
        "category": "objects"
    },
    "trackball": {
        "keywords": [
            "technology",
            "trackpad"
        ],
        "char": "🖲",
        "fitzpatrick_scale": false,
        "category": "objects"
    },
    "joystick": {
        "keywords": [
            "game",
            "play"
        ],
        "char": "🕹",
        "fitzpatrick_scale": false,
        "category": "objects"
    },
    "clamp": {
        "keywords": [
            "tool"
        ],
        "char": "🗜",
        "fitzpatrick_scale": false,
        "category": "objects"
    },
    "minidisc": {
        "keywords": [
            "technology",
            "record",
            "data",
            "disk",
            "90s"
        ],
        "char": "💽",
        "fitzpatrick_scale": false,
        "category": "objects"
    },
    "floppy_disk": {
        "keywords": [
            "oldschool",
            "technology",
            "save",
            "90s",
            "80s"
        ],
        "char": "💾",
        "fitzpatrick_scale": false,
        "category": "objects"
    },
    "cd": {
        "keywords": [
            "technology",
            "dvd",
            "disk",
            "disc",
            "90s"
        ],
        "char": "💿",
        "fitzpatrick_scale": false,
        "category": "objects"
    },
    "dvd": {
        "keywords": [
            "cd",
            "disk",
            "disc"
        ],
        "char": "📀",
        "fitzpatrick_scale": false,
        "category": "objects"
    },
    "vhs": {
        "keywords": [
            "record",
            "video",
            "oldschool",
            "90s",
            "80s"
        ],
        "char": "📼",
        "fitzpatrick_scale": false,
        "category": "objects"
    },
    "camera": {
        "keywords": [
            "gadgets",
            "photography"
        ],
        "char": "📷",
        "fitzpatrick_scale": false,
        "category": "objects"
    },
    "camera_flash": {
        "keywords": [
            "photography",
            "gadgets"
        ],
        "char": "📸",
        "fitzpatrick_scale": false,
        "category": "objects"
    },
    "video_camera": {
        "keywords": [
            "film",
            "record"
        ],
        "char": "📹",
        "fitzpatrick_scale": false,
        "category": "objects"
    },
    "movie_camera": {
        "keywords": [
            "film",
            "record"
        ],
        "char": "🎥",
        "fitzpatrick_scale": false,
        "category": "objects"
    },
    "film_projector": {
        "keywords": [
            "video",
            "tape",
            "record",
            "movie"
        ],
        "char": "📽",
        "fitzpatrick_scale": false,
        "category": "objects"
    },
    "film_strip": {
        "keywords": [
            "movie"
        ],
        "char": "🎞",
        "fitzpatrick_scale": false,
        "category": "objects"
    },
    "telephone_receiver": {
        "keywords": [
            "technology",
            "communication",
            "dial"
        ],
        "char": "📞",
        "fitzpatrick_scale": false,
        "category": "objects"
    },
    "phone": {
        "keywords": [
            "technology",
            "communication",
            "dial",
            "telephone"
        ],
        "char": "☎️",
        "fitzpatrick_scale": false,
        "category": "objects"
    },
    "pager": {
        "keywords": [
            "bbcall",
            "oldschool",
            "90s"
        ],
        "char": "📟",
        "fitzpatrick_scale": false,
        "category": "objects"
    },
    "fax": {
        "keywords": [
            "communication",
            "technology"
        ],
        "char": "📠",
        "fitzpatrick_scale": false,
        "category": "objects"
    },
    "tv": {
        "keywords": [
            "technology",
            "program",
            "oldschool",
            "show",
            "television"
        ],
        "char": "📺",
        "fitzpatrick_scale": false,
        "category": "objects"
    },
    "radio": {
        "keywords": [
            "communication",
            "music",
            "podcast",
            "program"
        ],
        "char": "📻",
        "fitzpatrick_scale": false,
        "category": "objects"
    },
    "studio_microphone": {
        "keywords": [
            "sing",
            "recording",
            "artist",
            "talkshow"
        ],
        "char": "🎙",
        "fitzpatrick_scale": false,
        "category": "objects"
    },
    "level_slider": {
        "keywords": [
            "scale"
        ],
        "char": "🎚",
        "fitzpatrick_scale": false,
        "category": "objects"
    },
    "control_knobs": {
        "keywords": [
            "dial"
        ],
        "char": "🎛",
        "fitzpatrick_scale": false,
        "category": "objects"
    },
    "compass": {
        "keywords": [
            "magnetic",
            "navigation",
            "orienteering"
        ],
        "char": "🧭",
        "fitzpatrick_scale": false,
        "category": "objects"
    },
    "stopwatch": {
        "keywords": [
            "time",
            "deadline"
        ],
        "char": "⏱",
        "fitzpatrick_scale": false,
        "category": "objects"
    },
    "timer_clock": {
        "keywords": [
            "alarm"
        ],
        "char": "⏲",
        "fitzpatrick_scale": false,
        "category": "objects"
    },
    "alarm_clock": {
        "keywords": [
            "time",
            "wake"
        ],
        "char": "⏰",
        "fitzpatrick_scale": false,
        "category": "objects"
    },
    "mantelpiece_clock": {
        "keywords": [
            "time"
        ],
        "char": "🕰",
        "fitzpatrick_scale": false,
        "category": "objects"
    },
    "hourglass_flowing_sand": {
        "keywords": [
            "oldschool",
            "time",
            "countdown"
        ],
        "char": "⏳",
        "fitzpatrick_scale": false,
        "category": "objects"
    },
    "hourglass": {
        "keywords": [
            "time",
            "clock",
            "oldschool",
            "limit",
            "exam",
            "quiz",
            "test"
        ],
        "char": "⌛",
        "fitzpatrick_scale": false,
        "category": "objects"
    },
    "satellite": {
        "keywords": [
            "communication",
            "future",
            "radio",
            "space"
        ],
        "char": "📡",
        "fitzpatrick_scale": false,
        "category": "objects"
    },
    "battery": {
        "keywords": [
            "power",
            "energy",
            "sustain"
        ],
        "char": "🔋",
        "fitzpatrick_scale": false,
        "category": "objects"
    },
    "electric_plug": {
        "keywords": [
            "charger",
            "power"
        ],
        "char": "🔌",
        "fitzpatrick_scale": false,
        "category": "objects"
    },
    "bulb": {
        "keywords": [
            "light",
            "electricity",
            "idea"
        ],
        "char": "💡",
        "fitzpatrick_scale": false,
        "category": "objects"
    },
    "flashlight": {
        "keywords": [
            "dark",
            "camping",
            "sight",
            "night"
        ],
        "char": "🔦",
        "fitzpatrick_scale": false,
        "category": "objects"
    },
    "candle": {
        "keywords": [
            "fire",
            "wax"
        ],
        "char": "🕯",
        "fitzpatrick_scale": false,
        "category": "objects"
    },
    "fire_extinguisher": {
        "keywords": [
            "quench"
        ],
        "char": "🧯",
        "fitzpatrick_scale": false,
        "category": "objects"
    },
    "wastebasket": {
        "keywords": [
            "bin",
            "trash",
            "rubbish",
            "garbage",
            "toss"
        ],
        "char": "🗑",
        "fitzpatrick_scale": false,
        "category": "objects"
    },
    "oil_drum": {
        "keywords": [
            "barrell"
        ],
        "char": "🛢",
        "fitzpatrick_scale": false,
        "category": "objects"
    },
    "money_with_wings": {
        "keywords": [
            "dollar",
            "bills",
            "payment",
            "sale"
        ],
        "char": "💸",
        "fitzpatrick_scale": false,
        "category": "objects"
    },
    "dollar": {
        "keywords": [
            "money",
            "sales",
            "bill",
            "currency"
        ],
        "char": "💵",
        "fitzpatrick_scale": false,
        "category": "objects"
    },
    "yen": {
        "keywords": [
            "money",
            "sales",
            "japanese",
            "dollar",
            "currency"
        ],
        "char": "💴",
        "fitzpatrick_scale": false,
        "category": "objects"
    },
    "euro": {
        "keywords": [
            "money",
            "sales",
            "dollar",
            "currency"
        ],
        "char": "💶",
        "fitzpatrick_scale": false,
        "category": "objects"
    },
    "pound": {
        "keywords": [
            "british",
            "sterling",
            "money",
            "sales",
            "bills",
            "uk",
            "england",
            "currency"
        ],
        "char": "💷",
        "fitzpatrick_scale": false,
        "category": "objects"
    },
    "moneybag": {
        "keywords": [
            "dollar",
            "payment",
            "coins",
            "sale"
        ],
        "char": "💰",
        "fitzpatrick_scale": false,
        "category": "objects"
    },
    "credit_card": {
        "keywords": [
            "money",
            "sales",
            "dollar",
            "bill",
            "payment",
            "shopping"
        ],
        "char": "💳",
        "fitzpatrick_scale": false,
        "category": "objects"
    },
    "gem": {
        "keywords": [
            "blue",
            "ruby",
            "diamond",
            "jewelry"
        ],
        "char": "💎",
        "fitzpatrick_scale": false,
        "category": "objects"
    },
    "balance_scale": {
        "keywords": [
            "law",
            "fairness",
            "weight"
        ],
        "char": "⚖",
        "fitzpatrick_scale": false,
        "category": "objects"
    },
    "toolbox": {
        "keywords": [
            "tools",
            "diy",
            "fix",
            "maintainer",
            "mechanic"
        ],
        "char": "🧰",
        "fitzpatrick_scale": false,
        "category": "objects"
    },
    "wrench": {
        "keywords": [
            "tools",
            "diy",
            "ikea",
            "fix",
            "maintainer"
        ],
        "char": "🔧",
        "fitzpatrick_scale": false,
        "category": "objects"
    },
    "hammer": {
        "keywords": [
            "tools",
            "build",
            "create"
        ],
        "char": "🔨",
        "fitzpatrick_scale": false,
        "category": "objects"
    },
    "hammer_and_pick": {
        "keywords": [
            "tools",
            "build",
            "create"
        ],
        "char": "⚒",
        "fitzpatrick_scale": false,
        "category": "objects"
    },
    "hammer_and_wrench": {
        "keywords": [
            "tools",
            "build",
            "create"
        ],
        "char": "🛠",
        "fitzpatrick_scale": false,
        "category": "objects"
    },
    "pick": {
        "keywords": [
            "tools",
            "dig"
        ],
        "char": "⛏",
        "fitzpatrick_scale": false,
        "category": "objects"
    },
    "nut_and_bolt": {
        "keywords": [
            "handy",
            "tools",
            "fix"
        ],
        "char": "🔩",
        "fitzpatrick_scale": false,
        "category": "objects"
    },
    "gear": {
        "keywords": [
            "cog"
        ],
        "char": "⚙",
        "fitzpatrick_scale": false,
        "category": "objects"
    },
    "brick": {
        "keywords": [
            "bricks"
        ],
        "char": "🧱",
        "fitzpatrick_scale": false,
        "category": "objects"
    },
    "chains": {
        "keywords": [
            "lock",
            "arrest"
        ],
        "char": "⛓",
        "fitzpatrick_scale": false,
        "category": "objects"
    },
    "magnet": {
        "keywords": [
            "attraction",
            "magnetic"
        ],
        "char": "🧲",
        "fitzpatrick_scale": false,
        "category": "objects"
    },
    "gun": {
        "keywords": [
            "violence",
            "weapon",
            "pistol",
            "revolver"
        ],
        "char": "🔫",
        "fitzpatrick_scale": false,
        "category": "objects"
    },
    "bomb": {
        "keywords": [
            "boom",
            "explode",
            "explosion",
            "terrorism"
        ],
        "char": "💣",
        "fitzpatrick_scale": false,
        "category": "objects"
    },
    "firecracker": {
        "keywords": [
            "dynamite",
            "boom",
            "explode",
            "explosion",
            "explosive"
        ],
        "char": "🧨",
        "fitzpatrick_scale": false,
        "category": "objects"
    },
    "hocho": {
        "keywords": [
            "knife",
            "blade",
            "cutlery",
            "kitchen",
            "weapon"
        ],
        "char": "🔪",
        "fitzpatrick_scale": false,
        "category": "objects"
    },
    "dagger": {
        "keywords": [
            "weapon"
        ],
        "char": "🗡",
        "fitzpatrick_scale": false,
        "category": "objects"
    },
    "crossed_swords": {
        "keywords": [
            "weapon"
        ],
        "char": "⚔",
        "fitzpatrick_scale": false,
        "category": "objects"
    },
    "shield": {
        "keywords": [
            "protection",
            "security"
        ],
        "char": "🛡",
        "fitzpatrick_scale": false,
        "category": "objects"
    },
    "smoking": {
        "keywords": [
            "kills",
            "tobacco",
            "cigarette",
            "joint",
            "smoke"
        ],
        "char": "🚬",
        "fitzpatrick_scale": false,
        "category": "objects"
    },
    "skull_and_crossbones": {
        "keywords": [
            "poison",
            "danger",
            "deadly",
            "scary",
            "death",
            "pirate",
            "evil"
        ],
        "char": "☠",
        "fitzpatrick_scale": false,
        "category": "objects"
    },
    "coffin": {
        "keywords": [
            "vampire",
            "dead",
            "die",
            "death",
            "rip",
            "graveyard",
            "cemetery",
            "casket",
            "funeral",
            "box"
        ],
        "char": "⚰",
        "fitzpatrick_scale": false,
        "category": "objects"
    },
    "funeral_urn": {
        "keywords": [
            "dead",
            "die",
            "death",
            "rip",
            "ashes"
        ],
        "char": "⚱",
        "fitzpatrick_scale": false,
        "category": "objects"
    },
    "amphora": {
        "keywords": [
            "vase",
            "jar"
        ],
        "char": "🏺",
        "fitzpatrick_scale": false,
        "category": "objects"
    },
    "crystal_ball": {
        "keywords": [
            "disco",
            "party",
            "magic",
            "circus",
            "fortune_teller"
        ],
        "char": "🔮",
        "fitzpatrick_scale": false,
        "category": "objects"
    },
    "prayer_beads": {
        "keywords": [
            "dhikr",
            "religious"
        ],
        "char": "📿",
        "fitzpatrick_scale": false,
        "category": "objects"
    },
    "nazar_amulet": {
        "keywords": [
            "bead",
            "charm"
        ],
        "char": "🧿",
        "fitzpatrick_scale": false,
        "category": "objects"
    },
    "barber": {
        "keywords": [
            "hair",
            "salon",
            "style"
        ],
        "char": "💈",
        "fitzpatrick_scale": false,
        "category": "objects"
    },
    "alembic": {
        "keywords": [
            "distilling",
            "science",
            "experiment",
            "chemistry"
        ],
        "char": "⚗",
        "fitzpatrick_scale": false,
        "category": "objects"
    },
    "telescope": {
        "keywords": [
            "stars",
            "space",
            "zoom",
            "science",
            "astronomy"
        ],
        "char": "🔭",
        "fitzpatrick_scale": false,
        "category": "objects"
    },
    "microscope": {
        "keywords": [
            "laboratory",
            "experiment",
            "zoomin",
            "science",
            "study"
        ],
        "char": "🔬",
        "fitzpatrick_scale": false,
        "category": "objects"
    },
    "hole": {
        "keywords": [
            "embarrassing"
        ],
        "char": "🕳",
        "fitzpatrick_scale": false,
        "category": "objects"
    },
    "pill": {
        "keywords": [
            "health",
            "medicine",
            "doctor",
            "pharmacy",
            "drug"
        ],
        "char": "💊",
        "fitzpatrick_scale": false,
        "category": "objects"
    },
    "syringe": {
        "keywords": [
            "health",
            "hospital",
            "drugs",
            "blood",
            "medicine",
            "needle",
            "doctor",
            "nurse"
        ],
        "char": "💉",
        "fitzpatrick_scale": false,
        "category": "objects"
    },
    "dna": {
        "keywords": [
            "biologist",
            "genetics",
            "life"
        ],
        "char": "🧬",
        "fitzpatrick_scale": false,
        "category": "objects"
    },
    "microbe": {
        "keywords": [
            "amoeba",
            "bacteria",
            "germs"
        ],
        "char": "🦠",
        "fitzpatrick_scale": false,
        "category": "objects"
    },
    "petri_dish": {
        "keywords": [
            "bacteria",
            "biology",
            "culture",
            "lab"
        ],
        "char": "🧫",
        "fitzpatrick_scale": false,
        "category": "objects"
    },
    "test_tube": {
        "keywords": [
            "chemistry",
            "experiment",
            "lab",
            "science"
        ],
        "char": "🧪",
        "fitzpatrick_scale": false,
        "category": "objects"
    },
    "thermometer": {
        "keywords": [
            "weather",
            "temperature",
            "hot",
            "cold"
        ],
        "char": "🌡",
        "fitzpatrick_scale": false,
        "category": "objects"
    },
    "broom": {
        "keywords": [
            "cleaning",
            "sweeping",
            "witch"
        ],
        "char": "🧹",
        "fitzpatrick_scale": false,
        "category": "objects"
    },
    "basket": {
        "keywords": [
            "laundry"
        ],
        "char": "🧺",
        "fitzpatrick_scale": false,
        "category": "objects"
    },
    "toilet_paper": {
        "keywords": [
            "roll"
        ],
        "char": "🧻",
        "fitzpatrick_scale": false,
        "category": "objects"
    },
    "label": {
        "keywords": [
            "sale",
            "tag"
        ],
        "char": "🏷",
        "fitzpatrick_scale": false,
        "category": "objects"
    },
    "bookmark": {
        "keywords": [
            "favorite",
            "label",
            "save"
        ],
        "char": "🔖",
        "fitzpatrick_scale": false,
        "category": "objects"
    },
    "toilet": {
        "keywords": [
            "restroom",
            "wc",
            "washroom",
            "bathroom",
            "potty"
        ],
        "char": "🚽",
        "fitzpatrick_scale": false,
        "category": "objects"
    },
    "shower": {
        "keywords": [
            "clean",
            "water",
            "bathroom"
        ],
        "char": "🚿",
        "fitzpatrick_scale": false,
        "category": "objects"
    },
    "bathtub": {
        "keywords": [
            "clean",
            "shower",
            "bathroom"
        ],
        "char": "🛁",
        "fitzpatrick_scale": false,
        "category": "objects"
    },
    "soap": {
        "keywords": [
            "bar",
            "bathing",
            "cleaning",
            "lather"
        ],
        "char": "🧼",
        "fitzpatrick_scale": false,
        "category": "objects"
    },
    "sponge": {
        "keywords": [
            "absorbing",
            "cleaning",
            "porous"
        ],
        "char": "🧽",
        "fitzpatrick_scale": false,
        "category": "objects"
    },
    "lotion_bottle": {
        "keywords": [
            "moisturizer",
            "sunscreen"
        ],
        "char": "🧴",
        "fitzpatrick_scale": false,
        "category": "objects"
    },
    "key": {
        "keywords": [
            "lock",
            "door",
            "password"
        ],
        "char": "🔑",
        "fitzpatrick_scale": false,
        "category": "objects"
    },
    "old_key": {
        "keywords": [
            "lock",
            "door",
            "password"
        ],
        "char": "🗝",
        "fitzpatrick_scale": false,
        "category": "objects"
    },
    "couch_and_lamp": {
        "keywords": [
            "read",
            "chill"
        ],
        "char": "🛋",
        "fitzpatrick_scale": false,
        "category": "objects"
    },
    "sleeping_bed": {
        "keywords": [
            "bed",
            "rest"
        ],
        "char": "🛌",
        "fitzpatrick_scale": true,
        "category": "objects"
    },
    "bed": {
        "keywords": [
            "sleep",
            "rest"
        ],
        "char": "🛏",
        "fitzpatrick_scale": false,
        "category": "objects"
    },
    "door": {
        "keywords": [
            "house",
            "entry",
            "exit"
        ],
        "char": "🚪",
        "fitzpatrick_scale": false,
        "category": "objects"
    },
    "bellhop_bell": {
        "keywords": [
            "service"
        ],
        "char": "🛎",
        "fitzpatrick_scale": false,
        "category": "objects"
    },
    "teddy_bear": {
        "keywords": [
            "plush",
            "stuffed"
        ],
        "char": "🧸",
        "fitzpatrick_scale": false,
        "category": "objects"
    },
    "framed_picture": {
        "keywords": [
            "photography"
        ],
        "char": "🖼",
        "fitzpatrick_scale": false,
        "category": "objects"
    },
    "world_map": {
        "keywords": [
            "location",
            "direction"
        ],
        "char": "🗺",
        "fitzpatrick_scale": false,
        "category": "objects"
    },
    "parasol_on_ground": {
        "keywords": [
            "weather",
            "summer"
        ],
        "char": "⛱",
        "fitzpatrick_scale": false,
        "category": "objects"
    },
    "moyai": {
        "keywords": [
            "rock",
            "easter island",
            "moai"
        ],
        "char": "🗿",
        "fitzpatrick_scale": false,
        "category": "objects"
    },
    "shopping": {
        "keywords": [
            "mall",
            "buy",
            "purchase"
        ],
        "char": "🛍",
        "fitzpatrick_scale": false,
        "category": "objects"
    },
    "shopping_cart": {
        "keywords": [
            "trolley"
        ],
        "char": "🛒",
        "fitzpatrick_scale": false,
        "category": "objects"
    },
    "balloon": {
        "keywords": [
            "party",
            "celebration",
            "birthday",
            "circus"
        ],
        "char": "🎈",
        "fitzpatrick_scale": false,
        "category": "objects"
    },
    "flags": {
        "keywords": [
            "fish",
            "japanese",
            "koinobori",
            "carp",
            "banner"
        ],
        "char": "🎏",
        "fitzpatrick_scale": false,
        "category": "objects"
    },
    "ribbon": {
        "keywords": [
            "decoration",
            "pink",
            "girl",
            "bowtie"
        ],
        "char": "🎀",
        "fitzpatrick_scale": false,
        "category": "objects"
    },
    "gift": {
        "keywords": [
            "present",
            "birthday",
            "christmas",
            "xmas"
        ],
        "char": "🎁",
        "fitzpatrick_scale": false,
        "category": "objects"
    },
    "confetti_ball": {
        "keywords": [
            "festival",
            "party",
            "birthday",
            "circus"
        ],
        "char": "🎊",
        "fitzpatrick_scale": false,
        "category": "objects"
    },
    "tada": {
        "keywords": [
            "party",
            "congratulations",
            "birthday",
            "magic",
            "circus",
            "celebration"
        ],
        "char": "🎉",
        "fitzpatrick_scale": false,
        "category": "objects"
    },
    "dolls": {
        "keywords": [
            "japanese",
            "toy",
            "kimono"
        ],
        "char": "🎎",
        "fitzpatrick_scale": false,
        "category": "objects"
    },
    "wind_chime": {
        "keywords": [
            "nature",
            "ding",
            "spring",
            "bell"
        ],
        "char": "🎐",
        "fitzpatrick_scale": false,
        "category": "objects"
    },
    "crossed_flags": {
        "keywords": [
            "japanese",
            "nation",
            "country",
            "border"
        ],
        "char": "🎌",
        "fitzpatrick_scale": false,
        "category": "objects"
    },
    "izakaya_lantern": {
        "keywords": [
            "light",
            "paper",
            "halloween",
            "spooky"
        ],
        "char": "🏮",
        "fitzpatrick_scale": false,
        "category": "objects"
    },
    "red_envelope": {
        "keywords": [
            "gift"
        ],
        "char": "🧧",
        "fitzpatrick_scale": false,
        "category": "objects"
    },
    "email": {
        "keywords": [
            "letter",
            "postal",
            "inbox",
            "communication"
        ],
        "char": "✉️",
        "fitzpatrick_scale": false,
        "category": "objects"
    },
    "envelope_with_arrow": {
        "keywords": [
            "email",
            "communication"
        ],
        "char": "📩",
        "fitzpatrick_scale": false,
        "category": "objects"
    },
    "incoming_envelope": {
        "keywords": [
            "email",
            "inbox"
        ],
        "char": "📨",
        "fitzpatrick_scale": false,
        "category": "objects"
    },
    "e_mail": {
        "keywords": [
            "communication",
            "inbox"
        ],
        "char": "📧",
        "fitzpatrick_scale": false,
        "category": "objects"
    },
    "love_letter": {
        "keywords": [
            "email",
            "like",
            "affection",
            "envelope",
            "valentines"
        ],
        "char": "💌",
        "fitzpatrick_scale": false,
        "category": "objects"
    },
    "postbox": {
        "keywords": [
            "email",
            "letter",
            "envelope"
        ],
        "char": "📮",
        "fitzpatrick_scale": false,
        "category": "objects"
    },
    "mailbox_closed": {
        "keywords": [
            "email",
            "communication",
            "inbox"
        ],
        "char": "📪",
        "fitzpatrick_scale": false,
        "category": "objects"
    },
    "mailbox": {
        "keywords": [
            "email",
            "inbox",
            "communication"
        ],
        "char": "📫",
        "fitzpatrick_scale": false,
        "category": "objects"
    },
    "mailbox_with_mail": {
        "keywords": [
            "email",
            "inbox",
            "communication"
        ],
        "char": "📬",
        "fitzpatrick_scale": false,
        "category": "objects"
    },
    "mailbox_with_no_mail": {
        "keywords": [
            "email",
            "inbox"
        ],
        "char": "📭",
        "fitzpatrick_scale": false,
        "category": "objects"
    },
    "package": {
        "keywords": [
            "mail",
            "gift",
            "cardboard",
            "box",
            "moving"
        ],
        "char": "📦",
        "fitzpatrick_scale": false,
        "category": "objects"
    },
    "postal_horn": {
        "keywords": [
            "instrument",
            "music"
        ],
        "char": "📯",
        "fitzpatrick_scale": false,
        "category": "objects"
    },
    "inbox_tray": {
        "keywords": [
            "email",
            "documents"
        ],
        "char": "📥",
        "fitzpatrick_scale": false,
        "category": "objects"
    },
    "outbox_tray": {
        "keywords": [
            "inbox",
            "email"
        ],
        "char": "📤",
        "fitzpatrick_scale": false,
        "category": "objects"
    },
    "scroll": {
        "keywords": [
            "documents",
            "ancient",
            "history",
            "paper"
        ],
        "char": "📜",
        "fitzpatrick_scale": false,
        "category": "objects"
    },
    "page_with_curl": {
        "keywords": [
            "documents",
            "office",
            "paper"
        ],
        "char": "📃",
        "fitzpatrick_scale": false,
        "category": "objects"
    },
    "bookmark_tabs": {
        "keywords": [
            "favorite",
            "save",
            "order",
            "tidy"
        ],
        "char": "📑",
        "fitzpatrick_scale": false,
        "category": "objects"
    },
    "receipt": {
        "keywords": [
            "accounting",
            "expenses"
        ],
        "char": "🧾",
        "fitzpatrick_scale": false,
        "category": "objects"
    },
    "bar_chart": {
        "keywords": [
            "graph",
            "presentation",
            "stats"
        ],
        "char": "📊",
        "fitzpatrick_scale": false,
        "category": "objects"
    },
    "chart_with_upwards_trend": {
        "keywords": [
            "graph",
            "presentation",
            "stats",
            "recovery",
            "business",
            "economics",
            "money",
            "sales",
            "good",
            "success"
        ],
        "char": "📈",
        "fitzpatrick_scale": false,
        "category": "objects"
    },
    "chart_with_downwards_trend": {
        "keywords": [
            "graph",
            "presentation",
            "stats",
            "recession",
            "business",
            "economics",
            "money",
            "sales",
            "bad",
            "failure"
        ],
        "char": "📉",
        "fitzpatrick_scale": false,
        "category": "objects"
    },
    "page_facing_up": {
        "keywords": [
            "documents",
            "office",
            "paper",
            "information"
        ],
        "char": "📄",
        "fitzpatrick_scale": false,
        "category": "objects"
    },
    "date": {
        "keywords": [
            "calendar",
            "schedule"
        ],
        "char": "📅",
        "fitzpatrick_scale": false,
        "category": "objects"
    },
    "calendar": {
        "keywords": [
            "schedule",
            "date",
            "planning"
        ],
        "char": "📆",
        "fitzpatrick_scale": false,
        "category": "objects"
    },
    "spiral_calendar": {
        "keywords": [
            "date",
            "schedule",
            "planning"
        ],
        "char": "🗓",
        "fitzpatrick_scale": false,
        "category": "objects"
    },
    "card_index": {
        "keywords": [
            "business",
            "stationery"
        ],
        "char": "📇",
        "fitzpatrick_scale": false,
        "category": "objects"
    },
    "card_file_box": {
        "keywords": [
            "business",
            "stationery"
        ],
        "char": "🗃",
        "fitzpatrick_scale": false,
        "category": "objects"
    },
    "ballot_box": {
        "keywords": [
            "election",
            "vote"
        ],
        "char": "🗳",
        "fitzpatrick_scale": false,
        "category": "objects"
    },
    "file_cabinet": {
        "keywords": [
            "filing",
            "organizing"
        ],
        "char": "🗄",
        "fitzpatrick_scale": false,
        "category": "objects"
    },
    "clipboard": {
        "keywords": [
            "stationery",
            "documents"
        ],
        "char": "📋",
        "fitzpatrick_scale": false,
        "category": "objects"
    },
    "spiral_notepad": {
        "keywords": [
            "memo",
            "stationery"
        ],
        "char": "🗒",
        "fitzpatrick_scale": false,
        "category": "objects"
    },
    "file_folder": {
        "keywords": [
            "documents",
            "business",
            "office"
        ],
        "char": "📁",
        "fitzpatrick_scale": false,
        "category": "objects"
    },
    "open_file_folder": {
        "keywords": [
            "documents",
            "load"
        ],
        "char": "📂",
        "fitzpatrick_scale": false,
        "category": "objects"
    },
    "card_index_dividers": {
        "keywords": [
            "organizing",
            "business",
            "stationery"
        ],
        "char": "🗂",
        "fitzpatrick_scale": false,
        "category": "objects"
    },
    "newspaper_roll": {
        "keywords": [
            "press",
            "headline"
        ],
        "char": "🗞",
        "fitzpatrick_scale": false,
        "category": "objects"
    },
    "newspaper": {
        "keywords": [
            "press",
            "headline"
        ],
        "char": "📰",
        "fitzpatrick_scale": false,
        "category": "objects"
    },
    "notebook": {
        "keywords": [
            "stationery",
            "record",
            "notes",
            "paper",
            "study"
        ],
        "char": "📓",
        "fitzpatrick_scale": false,
        "category": "objects"
    },
    "closed_book": {
        "keywords": [
            "read",
            "library",
            "knowledge",
            "textbook",
            "learn"
        ],
        "char": "📕",
        "fitzpatrick_scale": false,
        "category": "objects"
    },
    "green_book": {
        "keywords": [
            "read",
            "library",
            "knowledge",
            "study"
        ],
        "char": "📗",
        "fitzpatrick_scale": false,
        "category": "objects"
    },
    "blue_book": {
        "keywords": [
            "read",
            "library",
            "knowledge",
            "learn",
            "study"
        ],
        "char": "📘",
        "fitzpatrick_scale": false,
        "category": "objects"
    },
    "orange_book": {
        "keywords": [
            "read",
            "library",
            "knowledge",
            "textbook",
            "study"
        ],
        "char": "📙",
        "fitzpatrick_scale": false,
        "category": "objects"
    },
    "notebook_with_decorative_cover": {
        "keywords": [
            "classroom",
            "notes",
            "record",
            "paper",
            "study"
        ],
        "char": "📔",
        "fitzpatrick_scale": false,
        "category": "objects"
    },
    "ledger": {
        "keywords": [
            "notes",
            "paper"
        ],
        "char": "📒",
        "fitzpatrick_scale": false,
        "category": "objects"
    },
    "books": {
        "keywords": [
            "literature",
            "library",
            "study"
        ],
        "char": "📚",
        "fitzpatrick_scale": false,
        "category": "objects"
    },
    "open_book": {
        "keywords": [
            "book",
            "read",
            "library",
            "knowledge",
            "literature",
            "learn",
            "study"
        ],
        "char": "📖",
        "fitzpatrick_scale": false,
        "category": "objects"
    },
    "safety_pin": {
        "keywords": [
            "diaper"
        ],
        "char": "🧷",
        "fitzpatrick_scale": false,
        "category": "objects"
    },
    "link": {
        "keywords": [
            "rings",
            "url"
        ],
        "char": "🔗",
        "fitzpatrick_scale": false,
        "category": "objects"
    },
    "paperclip": {
        "keywords": [
            "documents",
            "stationery"
        ],
        "char": "📎",
        "fitzpatrick_scale": false,
        "category": "objects"
    },
    "paperclips": {
        "keywords": [
            "documents",
            "stationery"
        ],
        "char": "🖇",
        "fitzpatrick_scale": false,
        "category": "objects"
    },
    "scissors": {
        "keywords": [
            "stationery",
            "cut"
        ],
        "char": "✂️",
        "fitzpatrick_scale": false,
        "category": "objects"
    },
    "triangular_ruler": {
        "keywords": [
            "stationery",
            "math",
            "architect",
            "sketch"
        ],
        "char": "📐",
        "fitzpatrick_scale": false,
        "category": "objects"
    },
    "straight_ruler": {
        "keywords": [
            "stationery",
            "calculate",
            "length",
            "math",
            "school",
            "drawing",
            "architect",
            "sketch"
        ],
        "char": "📏",
        "fitzpatrick_scale": false,
        "category": "objects"
    },
    "abacus": {
        "keywords": [
            "calculation"
        ],
        "char": "🧮",
        "fitzpatrick_scale": false,
        "category": "objects"
    },
    "pushpin": {
        "keywords": [
            "stationery",
            "mark",
            "here"
        ],
        "char": "📌",
        "fitzpatrick_scale": false,
        "category": "objects"
    },
    "round_pushpin": {
        "keywords": [
            "stationery",
            "location",
            "map",
            "here"
        ],
        "char": "📍",
        "fitzpatrick_scale": false,
        "category": "objects"
    },
    "triangular_flag_on_post": {
        "keywords": [
            "mark",
            "milestone",
            "place"
        ],
        "char": "🚩",
        "fitzpatrick_scale": false,
        "category": "objects"
    },
    "white_flag": {
        "keywords": [
            "losing",
            "loser",
            "lost",
            "surrender",
            "give up",
            "fail"
        ],
        "char": "🏳",
        "fitzpatrick_scale": false,
        "category": "objects"
    },
    "black_flag": {
        "keywords": [
            "pirate"
        ],
        "char": "🏴",
        "fitzpatrick_scale": false,
        "category": "objects"
    },
    "rainbow_flag": {
        "keywords": [
            "flag",
            "rainbow",
            "pride",
            "gay",
            "lgbt",
            "glbt",
            "queer",
            "homosexual",
            "lesbian",
            "bisexual",
            "transgender"
        ],
        "char": "🏳️‍🌈",
        "fitzpatrick_scale": false,
        "category": "objects"
    },
    "closed_lock_with_key": {
        "keywords": [
            "security",
            "privacy"
        ],
        "char": "🔐",
        "fitzpatrick_scale": false,
        "category": "objects"
    },
    "lock": {
        "keywords": [
            "security",
            "password",
            "padlock"
        ],
        "char": "🔒",
        "fitzpatrick_scale": false,
        "category": "objects"
    },
    "unlock": {
        "keywords": [
            "privacy",
            "security"
        ],
        "char": "🔓",
        "fitzpatrick_scale": false,
        "category": "objects"
    },
    "lock_with_ink_pen": {
        "keywords": [
            "security",
            "secret"
        ],
        "char": "🔏",
        "fitzpatrick_scale": false,
        "category": "objects"
    },
    "pen": {
        "keywords": [
            "stationery",
            "writing",
            "write"
        ],
        "char": "🖊",
        "fitzpatrick_scale": false,
        "category": "objects"
    },
    "fountain_pen": {
        "keywords": [
            "stationery",
            "writing",
            "write"
        ],
        "char": "🖋",
        "fitzpatrick_scale": false,
        "category": "objects"
    },
    "black_nib": {
        "keywords": [
            "pen",
            "stationery",
            "writing",
            "write"
        ],
        "char": "✒️",
        "fitzpatrick_scale": false,
        "category": "objects"
    },
    "memo": {
        "keywords": [
            "write",
            "documents",
            "stationery",
            "pencil",
            "paper",
            "writing",
            "legal",
            "exam",
            "quiz",
            "test",
            "study",
            "compose"
        ],
        "char": "📝",
        "fitzpatrick_scale": false,
        "category": "objects"
    },
    "pencil2": {
        "keywords": [
            "stationery",
            "write",
            "paper",
            "writing",
            "school",
            "study"
        ],
        "char": "✏️",
        "fitzpatrick_scale": false,
        "category": "objects"
    },
    "crayon": {
        "keywords": [
            "drawing",
            "creativity"
        ],
        "char": "🖍",
        "fitzpatrick_scale": false,
        "category": "objects"
    },
    "paintbrush": {
        "keywords": [
            "drawing",
            "creativity",
            "art"
        ],
        "char": "🖌",
        "fitzpatrick_scale": false,
        "category": "objects"
    },
    "mag": {
        "keywords": [
            "search",
            "zoom",
            "find",
            "detective"
        ],
        "char": "🔍",
        "fitzpatrick_scale": false,
        "category": "objects"
    },
    "mag_right": {
        "keywords": [
            "search",
            "zoom",
            "find",
            "detective"
        ],
        "char": "🔎",
        "fitzpatrick_scale": false,
        "category": "objects"
    }
}