{
    "grinning": {
        "keywords": [
            "face",
            "smile",
            "happy",
            "joy",
            ":D",
            "grin"
        ],
        "char": "😀",
        "fitzpatrick_scale": false,
        "category": "people"
    },
    "grimacing": {
        "keywords": [
            "face",
            "grimace",
            "teeth"
        ],
        "char": "😬",
        "fitzpatrick_scale": false,
        "category": "people"
    },
    "grin": {
        "keywords": [
            "face",
            "happy",
            "smile",
            "joy",
            "kawaii"
        ],
        "char": "😁",
        "fitzpatrick_scale": false,
        "category": "people"
    },
    "joy": {
        "keywords": [
            "face",
            "cry",
            "tears",
            "weep",
            "happy",
            "happytears",
            "haha"
        ],
        "char": "😂",
        "fitzpatrick_scale": false,
        "category": "people"
    },
    "rofl": {
        "keywords": [
            "face",
            "rolling",
            "floor",
            "laughing",
            "lol",
            "haha"
        ],
        "char": "🤣",
        "fitzpatrick_scale": false,
        "category": "people"
    },
    "partying": {
        "keywords": [
            "face",
            "celebration",
            "woohoo"
        ],
        "char": "🥳",
        "fitzpatrick_scale": false,
        "category": "people"
    },
    "smiley": {
        "keywords": [
            "face",
            "happy",
            "joy",
            "haha",
            ":D",
            ":)",
            "smile",
            "funny"
        ],
        "char": "😃",
        "fitzpatrick_scale": false,
        "category": "people"
    },
    "smile": {
        "keywords": [
            "face",
            "happy",
            "joy",
            "funny",
            "haha",
            "laugh",
            "like",
            ":D",
            ":)"
        ],
        "char": "😄",
        "fitzpatrick_scale": false,
        "category": "people"
    },
    "sweat_smile": {
        "keywords": [
            "face",
            "hot",
            "happy",
            "laugh",
            "sweat",
            "smile",
            "relief"
        ],
        "char": "😅",
        "fitzpatrick_scale": false,
        "category": "people"
    },
    "laughing": {
        "keywords": [
            "happy",
            "joy",
            "lol",
            "satisfied",
            "haha",
            "face",
            "glad",
            "XD",
            "laugh"
        ],
        "char": "😆",
        "fitzpatrick_scale": false,
        "category": "people"
    },
    "innocent": {
        "keywords": [
            "face",
            "angel",
            "heaven",
            "halo"
        ],
        "char": "😇",
        "fitzpatrick_scale": false,
        "category": "people"
    },
    "wink": {
        "keywords": [
            "face",
            "happy",
            "mischievous",
            "secret",
            ";)",
            "smile",
            "eye"
        ],
        "char": "😉",
        "fitzpatrick_scale": false,
        "category": "people"
    },
    "blush": {
        "keywords": [
            "face",
            "smile",
            "happy",
            "flushed",
            "crush",
            "embarrassed",
            "shy",
            "joy"
        ],
        "char": "😊",
        "fitzpatrick_scale": false,
        "category": "people"
    },
    "slightly_smiling_face": {
        "keywords": [
            "face",
            "smile"
        ],
        "char": "🙂",
        "fitzpatrick_scale": false,
        "category": "people"
    },
    "upside_down_face": {
        "keywords": [
            "face",
            "flipped",
            "silly",
            "smile"
        ],
        "char": "🙃",
        "fitzpatrick_scale": false,
        "category": "people"
    },
    "relaxed": {
        "keywords": [
            "face",
            "blush",
            "massage",
            "happiness"
        ],
        "char": "☺️",
        "fitzpatrick_scale": false,
        "category": "people"
    },
    "yum": {
        "keywords": [
            "happy",
            "joy",
            "tongue",
            "smile",
            "face",
            "silly",
            "yummy",
            "nom",
            "delicious",
            "savouring"
        ],
        "char": "😋",
        "fitzpatrick_scale": false,
        "category": "people"
    },
    "relieved": {
        "keywords": [
            "face",
            "relaxed",
            "phew",
            "massage",
            "happiness"
        ],
        "char": "😌",
        "fitzpatrick_scale": false,
        "category": "people"
    },
    "heart_eyes": {
        "keywords": [
            "face",
            "love",
            "like",
            "affection",
            "valentines",
            "infatuation",
            "crush",
            "heart"
        ],
        "char": "😍",
        "fitzpatrick_scale": false,
        "category": "people"
    },
    "smiling_face_with_three_hearts": {
        "keywords": [
            "face",
            "love",
            "like",
            "affection",
            "valentines",
            "infatuation",
            "crush",
            "hearts",
            "adore"
        ],
        "char": "🥰",
        "fitzpatrick_scale": false,
        "category": "people"
    },
    "kissing_heart": {
        "keywords": [
            "face",
            "love",
            "like",
            "affection",
            "valentines",
            "infatuation",
            "kiss"
        ],
        "char": "😘",
        "fitzpatrick_scale": false,
        "category": "people"
    },
    "kissing": {
        "keywords": [
            "love",
            "like",
            "face",
            "3",
            "valentines",
            "infatuation",
            "kiss"
        ],
        "char": "😗",
        "fitzpatrick_scale": false,
        "category": "people"
    },
    "kissing_smiling_eyes": {
        "keywords": [
            "face",
            "affection",
            "valentines",
            "infatuation",
            "kiss"
        ],
        "char": "😙",
        "fitzpatrick_scale": false,
        "category": "people"
    },
    "kissing_closed_eyes": {
        "keywords": [
            "face",
            "love",
            "like",
            "affection",
            "valentines",
            "infatuation",
            "kiss"
        ],
        "char": "😚",
        "fitzpatrick_scale": false,
        "category": "people"
    },
    "stuck_out_tongue_winking_eye": {
        "keywords": [
            "face",
            "prank",
            "childish",
            "playful",
            "mischievous",
            "smile",
            "wink",
            "tongue"
        ],
        "char": "😜",
        "fitzpatrick_scale": false,
        "category": "people"
    },
    "zany": {
        "keywords": [
            "face",
            "goofy",
            "crazy"
        ],
        "char": "🤪",
        "fitzpatrick_scale": false,
        "category": "people"
    },
    "raised_eyebrow": {
        "keywords": [
            "face",
            "distrust",
            "scepticism",
            "disapproval",
            "disbelief",
            "surprise"
        ],
        "char": "🤨",
        "fitzpatrick_scale": false,
        "category": "people"
    },
    "monocle": {
        "keywords": [
            "face",
            "stuffy",
            "wealthy"
        ],
        "char": "🧐",
        "fitzpatrick_scale": false,
        "category": "people"
    },
    "stuck_out_tongue_closed_eyes": {
        "keywords": [
            "face",
            "prank",
            "playful",
            "mischievous",
            "smile",
            "tongue"
        ],
        "char": "😝",
        "fitzpatrick_scale": false,
        "category": "people"
    },
    "stuck_out_tongue": {
        "keywords": [
            "face",
            "prank",
            "childish",
            "playful",
            "mischievous",
            "smile",
            "tongue"
        ],
        "char": "😛",
        "fitzpatrick_scale": false,
        "category": "people"
    },
    "money_mouth_face": {
        "keywords": [
            "face",
            "rich",
            "dollar",
            "money"
        ],
        "char": "🤑",
        "fitzpatrick_scale": false,
        "category": "people"
    },
    "nerd_face": {
        "keywords": [
            "face",
            "nerdy",
            "geek",
            "dork"
        ],
        "char": "🤓",
        "fitzpatrick_scale": false,
        "category": "people"
    },
    "sunglasses": {
        "keywords": [
            "face",
            "cool",
            "smile",
            "summer",
            "beach",
            "sunglass"
        ],
        "char": "😎",
        "fitzpatrick_scale": false,
        "category": "people"
    },
    "star_struck": {
        "keywords": [
            "face",
            "smile",
            "starry",
            "eyes",
            "grinning"
        ],
        "char": "🤩",
        "fitzpatrick_scale": false,
        "category": "people"
    },
    "clown_face": {
        "keywords": [
            "face"
        ],
        "char": "🤡",
        "fitzpatrick_scale": false,
        "category": "people"
    },
    "cowboy_hat_face": {
        "keywords": [
            "face",
            "cowgirl",
            "hat"
        ],
        "char": "🤠",
        "fitzpatrick_scale": false,
        "category": "people"
    },
    "hugs": {
        "keywords": [
            "face",
            "smile",
            "hug"
        ],
        "char": "🤗",
        "fitzpatrick_scale": false,
        "category": "people"
    },
    "smirk": {
        "keywords": [
            "face",
            "smile",
            "mean",
            "prank",
            "smug",
            "sarcasm"
        ],
        "char": "😏",
        "fitzpatrick_scale": false,
        "category": "people"
    },
    "no_mouth": {
        "keywords": [
            "face",
            "hellokitty"
        ],
        "char": "😶",
        "fitzpatrick_scale": false,
        "category": "people"
    },
    "neutral_face": {
        "keywords": [
            "indifference",
            "meh",
            ":|",
            "neutral"
        ],
        "char": "😐",
        "fitzpatrick_scale": false,
        "category": "people"
    },
    "expressionless": {
        "keywords": [
            "face",
            "indifferent",
            "-_-",
            "meh",
            "deadpan"
        ],
        "char": "😑",
        "fitzpatrick_scale": false,
        "category": "people"
    },
    "unamused": {
        "keywords": [
            "indifference",
            "bored",
            "straight face",
            "serious",
            "sarcasm",
            "unimpressed",
            "skeptical",
            "dubious",
            "side_eye"
        ],
        "char": "😒",
        "fitzpatrick_scale": false,
        "category": "people"
    },
    "roll_eyes": {
        "keywords": [
            "face",
            "eyeroll",
            "frustrated"
        ],
        "char": "🙄",
        "fitzpatrick_scale": false,
        "category": "people"
    },
    "thinking": {
        "keywords": [
            "face",
            "hmmm",
            "think",
            "consider"
        ],
        "char": "🤔",
        "fitzpatrick_scale": false,
        "category": "people"
    },
    "lying_face": {
        "keywords": [
            "face",
            "lie",
            "pinocchio"
        ],
        "char": "🤥",
        "fitzpatrick_scale": false,
        "category": "people"
    },
    "hand_over_mouth": {
        "keywords": [
            "face",
            "whoops",
            "shock",
            "surprise"
        ],
        "char": "🤭",
        "fitzpatrick_scale": false,
        "category": "people"
    },
    "shushing": {
        "keywords": [
            "face",
            "quiet",
            "shhh"
        ],
        "char": "🤫",
        "fitzpatrick_scale": false,
        "category": "people"
    },
    "symbols_over_mouth": {
        "keywords": [
            "face",
            "swearing",
            "cursing",
            "cussing",
            "profanity",
            "expletive"
        ],
        "char": "🤬",
        "fitzpatrick_scale": false,
        "category": "people"
    },
    "exploding_head": {
        "keywords": [
            "face",
            "shocked",
            "mind",
            "blown"
        ],
        "char": "🤯",
        "fitzpatrick_scale": false,
        "category": "people"
    },
    "flushed": {
        "keywords": [
            "face",
            "blush",
            "shy",
            "flattered"
        ],
        "char": "😳",
        "fitzpatrick_scale": false,
        "category": "people"
    },
    "disappointed": {
        "keywords": [
            "face",
            "sad",
            "upset",
            "depressed",
            ":("
        ],
        "char": "😞",
        "fitzpatrick_scale": false,
        "category": "people"
    },
    "worried": {
        "keywords": [
            "face",
            "concern",
            "nervous",
            ":("
        ],
        "char": "😟",
        "fitzpatrick_scale": false,
        "category": "people"
    },
    "angry": {
        "keywords": [
            "mad",
            "face",
            "annoyed",
            "frustrated"
        ],
        "char": "😠",
        "fitzpatrick_scale": false,
        "category": "people"
    },
    "rage": {
        "keywords": [
            "angry",
            "mad",
            "hate",
            "despise"
        ],
        "char": "😡",
        "fitzpatrick_scale": false,
        "category": "people"
    },
    "pensive": {
        "keywords": [
            "face",
            "sad",
            "depressed",
            "upset"
        ],
        "char": "😔",
        "fitzpatrick_scale": false,
        "category": "people"
    },
    "confused": {
        "keywords": [
            "face",
            "indifference",
            "huh",
            "weird",
            "hmmm",
            ":/"
        ],
        "char": "😕",
        "fitzpatrick_scale": false,
        "category": "people"
    },
    "slightly_frowning_face": {
        "keywords": [
            "face",
            "frowning",
            "disappointed",
            "sad",
            "upset"
        ],
        "char": "🙁",
        "fitzpatrick_scale": false,
        "category": "people"
    },
    "frowning_face": {
        "keywords": [
            "face",
            "sad",
            "upset",
            "frown"
        ],
        "char": "☹",
        "fitzpatrick_scale": false,
        "category": "people"
    },
    "persevere": {
        "keywords": [
            "face",
            "sick",
            "no",
            "upset",
            "oops"
        ],
        "char": "😣",
        "fitzpatrick_scale": false,
        "category": "people"
    },
    "confounded": {
        "keywords": [
            "face",
            "confused",
            "sick",
            "unwell",
            "oops",
            ":S"
        ],
        "char": "😖",
        "fitzpatrick_scale": false,
        "category": "people"
    },
    "tired_face": {
        "keywords": [
            "sick",
            "whine",
            "upset",
            "frustrated"
        ],
        "char": "😫",
        "fitzpatrick_scale": false,
        "category": "people"
    },
    "weary": {
        "keywords": [
            "face",
            "tired",
            "sleepy",
            "sad",
            "frustrated",
            "upset"
        ],
        "char": "😩",
        "fitzpatrick_scale": false,
        "category": "people"
    },
    "pleading": {
        "keywords": [
            "face",
            "begging",
            "mercy"
        ],
        "char": "🥺",
        "fitzpatrick_scale": false,
        "category": "people"
    },
    "triumph": {
        "keywords": [
            "face",
            "gas",
            "phew",
            "proud",
            "pride"
        ],
        "char": "😤",
        "fitzpatrick_scale": false,
        "category": "people"
    },
    "open_mouth": {
        "keywords": [
            "face",
            "surprise",
            "impressed",
            "wow",
            "whoa",
            ":O"
        ],
        "char": "😮",
        "fitzpatrick_scale": false,
        "category": "people"
    },
    "scream": {
        "keywords": [
            "face",
            "munch",
            "scared",
            "omg"
        ],
        "char": "😱",
        "fitzpatrick_scale": false,
        "category": "people"
    },
    "fearful": {
        "keywords": [
            "face",
            "scared",
            "terrified",
            "nervous",
            "oops",
            "huh"
        ],
        "char": "😨",
        "fitzpatrick_scale": false,
        "category": "people"
    },
    "cold_sweat": {
        "keywords": [
            "face",
            "nervous",
            "sweat"
        ],
        "char": "😰",
        "fitzpatrick_scale": false,
        "category": "people"
    },
    "hushed": {
        "keywords": [
            "face",
            "woo",
            "shh"
        ],
        "char": "😯",
        "fitzpatrick_scale": false,
        "category": "people"
    },
    "frowning": {
        "keywords": [
            "face",
            "aw",
            "what"
        ],
        "char": "😦",
        "fitzpatrick_scale": false,
        "category": "people"
    },
    "anguished": {
        "keywords": [
            "face",
            "stunned",
            "nervous"
        ],
        "char": "😧",
        "fitzpatrick_scale": false,
        "category": "people"
    },
    "cry": {
        "keywords": [
            "face",
            "tears",
            "sad",
            "depressed",
            "upset",
            ":'("
        ],
        "char": "😢",
        "fitzpatrick_scale": false,
        "category": "people"
    },
    "disappointed_relieved": {
        "keywords": [
            "face",
            "phew",
            "sweat",
            "nervous"
        ],
        "char": "😥",
        "fitzpatrick_scale": false,
        "category": "people"
    },
    "drooling_face": {
        "keywords": [
            "face"
        ],
        "char": "🤤",
        "fitzpatrick_scale": false,
        "category": "people"
    },
    "sleepy": {
        "keywords": [
            "face",
            "tired",
            "rest",
            "nap"
        ],
        "char": "😪",
        "fitzpatrick_scale": false,
        "category": "people"
    },
    "sweat": {
        "keywords": [
            "face",
            "hot",
            "sad",
            "tired",
            "exercise"
        ],
        "char": "😓",
        "fitzpatrick_scale": false,
        "category": "people"
    },
    "hot": {
        "keywords": [
            "face",
            "feverish",
            "heat",
            "red",
            "sweating"
        ],
        "char": "🥵",
        "fitzpatrick_scale": false,
        "category": "people"
    },
    "cold": {
        "keywords": [
            "face",
            "blue",
            "freezing",
            "frozen",
            "frostbite",
            "icicles"
        ],
        "char": "🥶",
        "fitzpatrick_scale": false,
        "category": "people"
    },
    "sob": {
        "keywords": [
            "face",
            "cry",
            "tears",
            "sad",
            "upset",
            "depressed"
        ],
        "char": "😭",
        "fitzpatrick_scale": false,
        "category": "people"
    },
    "dizzy_face": {
        "keywords": [
            "spent",
            "unconscious",
            "xox",
            "dizzy"
        ],
        "char": "😵",
        "fitzpatrick_scale": false,
        "category": "people"
    },
    "astonished": {
        "keywords": [
            "face",
            "xox",
            "surprised",
            "poisoned"
        ],
        "char": "😲",
        "fitzpatrick_scale": false,
        "category": "people"
    },
    "zipper_mouth_face": {
        "keywords": [
            "face",
            "sealed",
            "zipper",
            "secret"
        ],
        "char": "🤐",
        "fitzpatrick_scale": false,
        "category": "people"
    },
    "nauseated_face": {
        "keywords": [
            "face",
            "vomit",
            "gross",
            "green",
            "sick",
            "throw up",
            "ill"
        ],
        "char": "🤢",
        "fitzpatrick_scale": false,
        "category": "people"
    },
    "sneezing_face": {
        "keywords": [
            "face",
            "gesundheit",
            "sneeze",
            "sick",
            "allergy"
        ],
        "char": "🤧",
        "fitzpatrick_scale": false,
        "category": "people"
    },
    "vomiting": {
        "keywords": [
            "face",
            "sick"
        ],
        "char": "🤮",
        "fitzpatrick_scale": false,
        "category": "people"
    },
    "mask": {
        "keywords": [
            "face",
            "sick",
            "ill",
            "disease"
        ],
        "char": "😷",
        "fitzpatrick_scale": false,
        "category": "people"
    },
    "face_with_thermometer": {
        "keywords": [
            "sick",
            "temperature",
            "thermometer",
            "cold",
            "fever"
        ],
        "char": "🤒",
        "fitzpatrick_scale": false,
        "category": "people"
    },
    "face_with_head_bandage": {
        "keywords": [
            "injured",
            "clumsy",
            "bandage",
            "hurt"
        ],
        "char": "🤕",
        "fitzpatrick_scale": false,
        "category": "people"
    },
    "woozy": {
        "keywords": [
            "face",
            "dizzy",
            "intoxicated",
            "tipsy",
            "wavy"
        ],
        "char": "🥴",
        "fitzpatrick_scale": false,
        "category": "people"
    },
    "sleeping": {
        "keywords": [
            "face",
            "tired",
            "sleepy",
            "night",
            "zzz"
        ],
        "char": "😴",
        "fitzpatrick_scale": false,
        "category": "people"
    },
    "zzz": {
        "keywords": [
            "sleepy",
            "tired",
            "dream"
        ],
        "char": "💤",
        "fitzpatrick_scale": false,
        "category": "people"
    },
    "poop": {
        "keywords": [
            "hankey",
            "shitface",
            "fail",
            "turd",
            "shit"
        ],
        "char": "💩",
        "fitzpatrick_scale": false,
        "category": "people"
    },
    "smiling_imp": {
        "keywords": [
            "devil",
            "horns"
        ],
        "char": "😈",
        "fitzpatrick_scale": false,
        "category": "people"
    },
    "imp": {
        "keywords": [
            "devil",
            "angry",
            "horns"
        ],
        "char": "👿",
        "fitzpatrick_scale": false,
        "category": "people"
    },
    "japanese_ogre": {
        "keywords": [
            "monster",
            "red",
            "mask",
            "halloween",
            "scary",
            "creepy",
            "devil",
            "demon",
            "japanese",
            "ogre"
        ],
        "char": "👹",
        "fitzpatrick_scale": false,
        "category": "people"
    },
    "japanese_goblin": {
        "keywords": [
            "red",
            "evil",
            "mask",
            "monster",
            "scary",
            "creepy",
            "japanese",
            "goblin"
        ],
        "char": "👺",
        "fitzpatrick_scale": false,
        "category": "people"
    },
    "skull": {
        "keywords": [
            "dead",
            "skeleton",
            "creepy",
            "death"
        ],
        "char": "💀",
        "fitzpatrick_scale": false,
        "category": "people"
    },
    "ghost": {
        "keywords": [
            "halloween",
            "spooky",
            "scary"
        ],
        "char": "👻",
        "fitzpatrick_scale": false,
        "category": "people"
    },
    "alien": {
        "keywords": [
            "UFO",
            "paul",
            "weird",
            "outer_space"
        ],
        "char": "👽",
        "fitzpatrick_scale": false,
        "category": "people"
    },
    "robot": {
        "keywords": [
            "computer",
            "machine",
            "bot"
        ],
        "char": "🤖",
        "fitzpatrick_scale": false,
        "category": "people"
    },
    "smiley_cat": {
        "keywords": [
            "animal",
            "cats",
            "happy",
            "smile"
        ],
        "char": "😺",
        "fitzpatrick_scale": false,
        "category": "people"
    },
    "smile_cat": {
        "keywords": [
            "animal",
            "cats",
            "smile"
        ],
        "char": "😸",
        "fitzpatrick_scale": false,
        "category": "people"
    },
    "joy_cat": {
        "keywords": [
            "animal",
            "cats",
            "haha",
            "happy",
            "tears"
        ],
        "char": "😹",
        "fitzpatrick_scale": false,
        "category": "people"
    },
    "heart_eyes_cat": {
        "keywords": [
            "animal",
            "love",
            "like",
            "affection",
            "cats",
            "valentines",
            "heart"
        ],
        "char": "😻",
        "fitzpatrick_scale": false,
        "category": "people"
    },
    "smirk_cat": {
        "keywords": [
            "animal",
            "cats",
            "smirk"
        ],
        "char": "😼",
        "fitzpatrick_scale": false,
        "category": "people"
    },
    "kissing_cat": {
        "keywords": [
            "animal",
            "cats",
            "kiss"
        ],
        "char": "😽",
        "fitzpatrick_scale": false,
        "category": "people"
    },
    "scream_cat": {
        "keywords": [
            "animal",
            "cats",
            "munch",
            "scared",
            "scream"
        ],
        "char": "🙀",
        "fitzpatrick_scale": false,
        "category": "people"
    },
    "crying_cat_face": {
        "keywords": [
            "animal",
            "tears",
            "weep",
            "sad",
            "cats",
            "upset",
            "cry"
        ],
        "char": "😿",
        "fitzpatrick_scale": false,
        "category": "people"
    },
    "pouting_cat": {
        "keywords": [
            "animal",
            "cats"
        ],
        "char": "😾",
        "fitzpatrick_scale": false,
        "category": "people"
    },
    "palms_up": {
        "keywords": [
            "hands",
            "gesture",
            "cupped",
            "prayer"
        ],
        "char": "🤲",
        "fitzpatrick_scale": true,
        "category": "people"
    },
    "raised_hands": {
        "keywords": [
            "gesture",
            "hooray",
            "yea",
            "celebration",
            "hands"
        ],
        "char": "🙌",
        "fitzpatrick_scale": true,
        "category": "people"
    },
    "clap": {
        "keywords": [
            "hands",
            "praise",
            "applause",
            "congrats",
            "yay"
        ],
        "char": "👏",
        "fitzpatrick_scale": true,
        "category": "people"
    },
    "wave": {
        "keywords": [
            "hands",
            "gesture",
            "goodbye",
            "solong",
            "farewell",
            "hello",
            "hi",
            "palm"
        ],
        "char": "👋",
        "fitzpatrick_scale": true,
        "category": "people"
    },
    "call_me_hand": {
        "keywords": [
            "hands",
            "gesture"
        ],
        "char": "🤙",
        "fitzpatrick_scale": true,
        "category": "people"
    },
    "plus_one": {
        "keywords": [
            "thumbsup",
            "yes",
            "awesome",
            "good",
            "agree",
            "accept",
            "cool",
            "hand",
            "like"
        ],
        "char": "👍",
        "fitzpatrick_scale": true,
        "category": "people"
    },
    "minus_one": {
        "keywords": [
            "thumbsdown",
            "no",
            "dislike",
            "hand"
        ],
        "char": "👎",
        "fitzpatrick_scale": true,
        "category": "people"
    },
    "facepunch": {
        "keywords": [
            "angry",
            "violence",
            "fist",
            "hit",
            "attack",
            "hand"
        ],
        "char": "👊",
        "fitzpatrick_scale": true,
        "category": "people"
    },
    "fist": {
        "keywords": [
            "fingers",
            "hand",
            "grasp"
        ],
        "char": "✊",
        "fitzpatrick_scale": true,
        "category": "people"
    },
    "fist_left": {
        "keywords": [
            "hand",
            "fistbump"
        ],
        "char": "🤛",
        "fitzpatrick_scale": true,
        "category": "people"
    },
    "fist_right": {
        "keywords": [
            "hand",
            "fistbump"
        ],
        "char": "🤜",
        "fitzpatrick_scale": true,
        "category": "people"
    },
    "v": {
        "keywords": [
            "fingers",
            "ohyeah",
            "hand",
            "peace",
            "victory",
            "two"
        ],
        "char": "✌",
        "fitzpatrick_scale": true,
        "category": "people"
    },
    "ok_hand": {
        "keywords": [
            "fingers",
            "limbs",
            "perfect",
            "ok",
            "okay"
        ],
        "char": "👌",
        "fitzpatrick_scale": true,
        "category": "people"
    },
    "raised_hand": {
        "keywords": [
            "fingers",
            "stop",
            "highfive",
            "palm",
            "ban"
        ],
        "char": "✋",
        "fitzpatrick_scale": true,
        "category": "people"
    },
    "raised_back_of_hand": {
        "keywords": [
            "fingers",
            "raised",
            "backhand"
        ],
        "char": "🤚",
        "fitzpatrick_scale": true,
        "category": "people"
    },
    "open_hands": {
        "keywords": [
            "fingers",
            "butterfly",
            "hands",
            "open"
        ],
        "char": "👐",
        "fitzpatrick_scale": true,
        "category": "people"
    },
    "muscle": {
        "keywords": [
            "arm",
            "flex",
            "hand",
            "summer",
            "strong",
            "biceps"
        ],
        "char": "💪",
        "fitzpatrick_scale": true,
        "category": "people"
    },
    "pray": {
        "keywords": [
            "please",
            "hope",
            "wish",
            "namaste",
            "highfive"
        ],
        "char": "🙏",
        "fitzpatrick_scale": true,
        "category": "people"
    },
    "foot": {
        "keywords": [
            "kick",
            "stomp"
        ],
        "char": "🦶",
        "fitzpatrick_scale": true,
        "category": "people"
    },
    "leg": {
        "keywords": [
            "kick",
            "limb"
        ],
        "char": "🦵",
        "fitzpatrick_scale": true,
        "category": "people"
    },
    "handshake": {
        "keywords": [
            "agreement",
            "shake"
        ],
        "char": "🤝",
        "fitzpatrick_scale": false,
        "category": "people"
    },
    "point_up": {
        "keywords": [
            "hand",
            "fingers",
            "direction",
            "up"
        ],
        "char": "☝",
        "fitzpatrick_scale": true,
        "category": "people"
    },
    "point_up_2": {
        "keywords": [
            "fingers",
            "hand",
            "direction",
            "up"
        ],
        "char": "👆",
        "fitzpatrick_scale": true,
        "category": "people"
    },
    "point_down": {
        "keywords": [
            "fingers",
            "hand",
            "direction",
            "down"
        ],
        "char": "👇",
        "fitzpatrick_scale": true,
        "category": "people"
    },
    "point_left": {
        "keywords": [
            "direction",
            "fingers",
            "hand",
            "left"
        ],
        "char": "👈",
        "fitzpatrick_scale": true,
        "category": "people"
    },
    "point_right": {
        "keywords": [
            "fingers",
            "hand",
            "direction",
            "right"
        ],
        "char": "👉",
        "fitzpatrick_scale": true,
        "category": "people"
    },
    "fu": {
        "keywords": [
            "hand",
            "fingers",
            "rude",
            "middle",
            "flipping"
        ],
        "char": "🖕",
        "fitzpatrick_scale": true,
        "category": "people"
    },
    "raised_hand_with_fingers_splayed": {
        "keywords": [
            "hand",
            "fingers",
            "palm"
        ],
        "char": "🖐",
        "fitzpatrick_scale": true,
        "category": "people"
    },
    "love_you": {
        "keywords": [
            "hand",
            "fingers",
            "gesture"
        ],
        "char": "🤟",
        "fitzpatrick_scale": true,
        "category": "people"
    },
    "metal": {
        "keywords": [
            "hand",
            "fingers",
            "evil_eye",
            "sign_of_horns",
            "rock_on"
        ],
        "char": "🤘",
        "fitzpatrick_scale": true,
        "category": "people"
    },
    "crossed_fingers": {
        "keywords": [
            "good",
            "lucky"
        ],
        "char": "🤞",
        "fitzpatrick_scale": true,
        "category": "people"
    },
    "vulcan_salute": {
        "keywords": [
            "hand",
            "fingers",
            "spock",
            "star trek"
        ],
        "char": "🖖",
        "fitzpatrick_scale": true,
        "category": "people"
    },
    "writing_hand": {
        "keywords": [
            "lower_left_ballpoint_pen",
            "stationery",
            "write",
            "compose"
        ],
        "char": "✍",
        "fitzpatrick_scale": true,
        "category": "people"
    },
    "selfie": {
        "keywords": [
            "camera",
            "phone"
        ],
        "char": "🤳",
        "fitzpatrick_scale": true,
        "category": "people"
    },
    "nail_care": {
        "keywords": [
            "beauty",
            "manicure",
            "finger",
            "fashion",
            "nail"
        ],
        "char": "💅",
        "fitzpatrick_scale": true,
        "category": "people"
    },
    "lips": {
        "keywords": [
            "mouth",
            "kiss"
        ],
        "char": "👄",
        "fitzpatrick_scale": false,
        "category": "people"
    },
    "tooth": {
        "keywords": [
            "teeth",
            "dentist"
        ],
        "char": "🦷",
        "fitzpatrick_scale": false,
        "category": "people"
    },
    "tongue": {
        "keywords": [
            "mouth",
            "playful"
        ],
        "char": "👅",
        "fitzpatrick_scale": false,
        "category": "people"
    },
    "ear": {
        "keywords": [
            "face",
            "hear",
            "sound",
            "listen"
        ],
        "char": "👂",
        "fitzpatrick_scale": true,
        "category": "people"
    },
    "nose": {
        "keywords": [
            "smell",
            "sniff"
        ],
        "char": "👃",
        "fitzpatrick_scale": true,
        "category": "people"
    },
    "eye": {
        "keywords": [
            "face",
            "look",
            "see",
            "watch",
            "stare"
        ],
        "char": "👁",
        "fitzpatrick_scale": false,
        "category": "people"
    },
    "eyes": {
        "keywords": [
            "look",
            "watch",
            "stalk",
            "peek",
            "see"
        ],
        "char": "👀",
        "fitzpatrick_scale": false,
        "category": "people"
    },
    "brain": {
        "keywords": [
            "smart",
            "intelligent"
        ],
        "char": "🧠",
        "fitzpatrick_scale": false,
        "category": "people"
    },
    "bust_in_silhouette": {
        "keywords": [
            "user",
            "person",
            "human"
        ],
        "char": "👤",
        "fitzpatrick_scale": false,
        "category": "people"
    },
    "busts_in_silhouette": {
        "keywords": [
            "user",
            "person",
            "human",
            "group",
            "team"
        ],
        "char": "👥",
        "fitzpatrick_scale": false,
        "category": "people"
    },
    "speaking_head": {
        "keywords": [
            "user",
            "person",
            "human",
            "sing",
            "say",
            "talk"
        ],
        "char": "🗣",
        "fitzpatrick_scale": false,
        "category": "people"
    },
    "baby": {
        "keywords": [
            "child",
            "boy",
            "girl",
            "toddler"
        ],
        "char": "👶",
        "fitzpatrick_scale": true,
        "category": "people"
    },
    "child": {
        "keywords": [
            "gender-neutral",
            "young"
        ],
        "char": "🧒",
        "fitzpatrick_scale": true,
        "category": "people"
    },
    "boy": {
        "keywords": [
            "man",
            "male",
            "guy",
            "teenager"
        ],
        "char": "👦",
        "fitzpatrick_scale": true,
        "category": "people"
    },
    "girl": {
        "keywords": [
            "female",
            "woman",
            "teenager"
        ],
        "char": "👧",
        "fitzpatrick_scale": true,
        "category": "people"
    },
    "adult": {
        "keywords": [
            "gender-neutral",
            "person"
        ],
        "char": "🧑",
        "fitzpatrick_scale": true,
        "category": "people"
    },
    "man": {
        "keywords": [
            "mustache",
            "father",
            "dad",
            "guy",
            "classy",
            "sir",
            "moustache"
        ],
        "char": "👨",
        "fitzpatrick_scale": true,
        "category": "people"
    },
    "woman": {
        "keywords": [
            "female",
            "girls",
            "lady"
        ],
        "char": "👩",
        "fitzpatrick_scale": true,
        "category": "people"
    },
    "blonde_woman": {
        "keywords": [
            "woman",
            "female",
            "girl",
            "blonde",
            "person"
        ],
        "char": "👱‍♀️",
        "fitzpatrick_scale": true,
        "category": "people"
    },
    "blonde_man": {
        "keywords": [
            "man",
            "male",
            "boy",
            "blonde",
            "guy",
            "person"
        ],
        "char": "👱",
        "fitzpatrick_scale": true,
        "category": "people"
    },
    "bearded_person": {
        "keywords": [
            "person",
            "bewhiskered"
        ],
        "char": "🧔",
        "fitzpatrick_scale": true,
        "category": "people"
    },
    "older_adult": {
        "keywords": [
            "human",
            "elder",
            "senior",
            "gender-neutral"
        ],
        "char": "🧓",
        "fitzpatrick_scale": true,
        "category": "people"
    },
    "older_man": {
        "keywords": [
            "human",
            "male",
            "men",
            "old",
            "elder",
            "senior"
        ],
        "char": "👴",
        "fitzpatrick_scale": true,
        "category": "people"
    },
    "older_woman": {
        "keywords": [
            "human",
            "female",
            "women",
            "lady",
            "old",
            "elder",
            "senior"
        ],
        "char": "👵",
        "fitzpatrick_scale": true,
        "category": "people"
    },
    "man_with_gua_pi_mao": {
        "keywords": [
            "male",
            "boy",
            "chinese"
        ],
        "char": "👲",
        "fitzpatrick_scale": true,
        "category": "people"
    },
    "woman_with_headscarf": {
        "keywords": [
            "female",
            "hijab",
            "mantilla",
            "tichel"
        ],
        "char": "🧕",
        "fitzpatrick_scale": true,
        "category": "people"
    },
    "woman_with_turban": {
        "keywords": [
            "female",
            "indian",
            "hinduism",
            "arabs",
            "woman"
        ],
        "char": "👳‍♀️",
        "fitzpatrick_scale": true,
        "category": "people"
    },
    "man_with_turban": {
        "keywords": [
            "male",
            "indian",
            "hinduism",
            "arabs"
        ],
        "char": "👳",
        "fitzpatrick_scale": true,
        "category": "people"
    },
    "policewoman": {
        "keywords": [
            "woman",
            "police",
            "law",
            "legal",
            "enforcement",
            "arrest",
            "911",
            "female"
        ],
        "char": "👮‍♀️",
        "fitzpatrick_scale": true,
        "category": "people"
    },
    "policeman": {
        "keywords": [
            "man",
            "police",
            "law",
            "legal",
            "enforcement",
            "arrest",
            "911"
        ],
        "char": "👮",
        "fitzpatrick_scale": true,
        "category": "people"
    },
    "construction_worker_woman": {
        "keywords": [
            "female",
            "human",
            "wip",
            "build",
            "construction",
            "worker",
            "labor",
            "woman"
        ],
        "char": "👷‍♀️",
        "fitzpatrick_scale": true,
        "category": "people"
    },
    "construction_worker_man": {
        "keywords": [
            "male",
            "human",
            "wip",
            "guy",
            "build",
            "construction",
            "worker",
            "labor"
        ],
        "char": "👷",
        "fitzpatrick_scale": true,
        "category": "people"
    },
    "guardswoman": {
        "keywords": [
            "uk",
            "gb",
            "british",
            "female",
            "royal",
            "woman"
        ],
        "char": "💂‍♀️",
        "fitzpatrick_scale": true,
        "category": "people"
    },
    "guardsman": {
        "keywords": [
            "uk",
            "gb",
            "british",
            "male",
            "guy",
            "royal"
        ],
        "char": "💂",
        "fitzpatrick_scale": true,
        "category": "people"
    },
    "female_detective": {
        "keywords": [
            "human",
            "spy",
            "detective",
            "female",
            "woman"
        ],
        "char": "🕵️‍♀️",
        "fitzpatrick_scale": true,
        "category": "people"
    },
    "male_detective": {
        "keywords": [
            "human",
            "spy",
            "detective"
        ],
        "char": "🕵",
        "fitzpatrick_scale": true,
        "category": "people"
    },
    "woman_health_worker": {
        "keywords": [
            "doctor",
            "nurse",
            "therapist",
            "healthcare",
            "woman",
            "human"
        ],
        "char": "👩‍⚕️",
        "fitzpatrick_scale": true,
        "category": "people"
    },
    "man_health_worker": {
        "keywords": [
            "doctor",
            "nurse",
            "therapist",
            "healthcare",
            "man",
            "human"
        ],
        "char": "👨‍⚕️",
        "fitzpatrick_scale": true,
        "category": "people"
    },
    "woman_farmer": {
        "keywords": [
            "rancher",
            "gardener",
            "woman",
            "human"
        ],
        "char": "👩‍🌾",
        "fitzpatrick_scale": true,
        "category": "people"
    },
    "man_farmer": {
        "keywords": [
            "rancher",
            "gardener",
            "man",
            "human"
        ],
        "char": "👨‍🌾",
        "fitzpatrick_scale": true,
        "category": "people"
    },
    "woman_cook": {
        "keywords": [
            "chef",
            "woman",
            "human"
        ],
        "char": "👩‍🍳",
        "fitzpatrick_scale": true,
        "category": "people"
    },
    "man_cook": {
        "keywords": [
            "chef",
            "man",
            "human"
        ],
        "char": "👨‍🍳",
        "fitzpatrick_scale": true,
        "category": "people"
    },
    "woman_student": {
        "keywords": [
            "graduate",
            "woman",
            "human"
        ],
        "char": "👩‍🎓",
        "fitzpatrick_scale": true,
        "category": "people"
    },
    "man_student": {
        "keywords": [
            "graduate",
            "man",
            "human"
        ],
        "char": "👨‍🎓",
        "fitzpatrick_scale": true,
        "category": "people"
    },
    "woman_singer": {
        "keywords": [
            "rockstar",
            "entertainer",
            "woman",
            "human"
        ],
        "char": "👩‍🎤",
        "fitzpatrick_scale": true,
        "category": "people"
    },
    "man_singer": {
        "keywords": [
            "rockstar",
            "entertainer",
            "man",
            "human"
        ],
        "char": "👨‍🎤",
        "fitzpatrick_scale": true,
        "category": "people"
    },
    "woman_teacher": {
        "keywords": [
            "instructor",
            "professor",
            "woman",
            "human"
        ],
        "char": "👩‍🏫",
        "fitzpatrick_scale": true,
        "category": "people"
    },
    "man_teacher": {
        "keywords": [
            "instructor",
            "professor",
            "man",
            "human"
        ],
        "char": "👨‍🏫",
        "fitzpatrick_scale": true,
        "category": "people"
    },
    "woman_factory_worker": {
        "keywords": [
            "assembly",
            "industrial",
            "woman",
            "human"
        ],
        "char": "👩‍🏭",
        "fitzpatrick_scale": true,
        "category": "people"
    },
    "man_factory_worker": {
        "keywords": [
            "assembly",
            "industrial",
            "man",
            "human"
        ],
        "char": "👨‍🏭",
        "fitzpatrick_scale": true,
        "category": "people"
    },
    "woman_technologist": {
        "keywords": [
            "coder",
            "developer",
            "engineer",
            "programmer",
            "software",
            "woman",
            "human",
            "laptop",
            "computer"
        ],
        "char": "👩‍💻",
        "fitzpatrick_scale": true,
        "category": "people"
    },
    "man_technologist": {
        "keywords": [
            "coder",
            "developer",
            "engineer",
            "programmer",
            "software",
            "man",
            "human",
            "laptop",
            "computer"
        ],
        "char": "👨‍💻",
        "fitzpatrick_scale": true,
        "category": "people"
    },
    "woman_office_worker": {
        "keywords": [
            "business",
            "manager",
            "woman",
            "human"
        ],
        "char": "👩‍💼",
        "fitzpatrick_scale": true,
        "category": "people"
    },
    "man_office_worker": {
        "keywords": [
            "business",
            "manager",
            "man",
            "human"
        ],
        "char": "👨‍💼",
        "fitzpatrick_scale": true,
        "category": "people"
    },
    "woman_mechanic": {
        "keywords": [
            "plumber",
            "woman",
            "human",
            "wrench"
        ],
        "char": "👩‍🔧",
        "fitzpatrick_scale": true,
        "category": "people"
    },
    "man_mechanic": {
        "keywords": [
            "plumber",
            "man",
            "human",
            "wrench"
        ],
        "char": "👨‍🔧",
        "fitzpatrick_scale": true,
        "category": "people"
    },
    "woman_scientist": {
        "keywords": [
            "biologist",
            "chemist",
            "engineer",
            "physicist",
            "woman",
            "human"
        ],
        "char": "👩‍🔬",
        "fitzpatrick_scale": true,
        "category": "people"
    },
    "man_scientist": {
        "keywords": [
            "biologist",
            "chemist",
            "engineer",
            "physicist",
            "man",
            "human"
        ],
        "char": "👨‍🔬",
        "fitzpatrick_scale": true,
        "category": "people"
    },
    "woman_artist": {
        "keywords": [
            "painter",
            "woman",
            "human"
        ],
        "char": "👩‍🎨",
        "fitzpatrick_scale": true,
        "category": "people"
    },
    "man_artist": {
        "keywords": [
            "painter",
            "man",
            "human"
        ],
        "char": "👨‍🎨",
        "fitzpatrick_scale": true,
        "category": "people"
    },
    "woman_firefighter": {
        "keywords": [
            "fireman",
            "woman",
            "human"
        ],
        "char": "👩‍🚒",
        "fitzpatrick_scale": true,
        "category": "people"
    },
    "man_firefighter": {
        "keywords": [
            "fireman",
            "man",
            "human"
        ],
        "char": "👨‍🚒",
        "fitzpatrick_scale": true,
        "category": "people"
    },
    "woman_pilot": {
        "keywords": [
            "aviator",
            "plane",
            "woman",
            "human"
        ],
        "char": "👩‍✈️",
        "fitzpatrick_scale": true,
        "category": "people"
    },
    "man_pilot": {
        "keywords": [
            "aviator",
            "plane",
            "man",
            "human"
        ],
        "char": "👨‍✈️",
        "fitzpatrick_scale": true,
        "category": "people"
    },
    "woman_astronaut": {
        "keywords": [
            "space",
            "rocket",
            "woman",
            "human"
        ],
        "char": "👩‍🚀",
        "fitzpatrick_scale": true,
        "category": "people"
    },
    "man_astronaut": {
        "keywords": [
            "space",
            "rocket",
            "man",
            "human"
        ],
        "char": "👨‍🚀",
        "fitzpatrick_scale": true,
        "category": "people"
    },
    "woman_judge": {
        "keywords": [
            "justice",
            "court",
            "woman",
            "human"
        ],
        "char": "👩‍⚖️",
        "fitzpatrick_scale": true,
        "category": "people"
    },
    "man_judge": {
        "keywords": [
            "justice",
            "court",
            "man",
            "human"
        ],
        "char": "👨‍⚖️",
        "fitzpatrick_scale": true,
        "category": "people"
    },
    "woman_superhero": {
        "keywords": [
            "woman",
            "female",
            "good",
            "heroine",
            "superpowers"
        ],
        "char": "🦸‍♀️",
        "fitzpatrick_scale": true,
        "category": "people"
    },
    "man_superhero": {
        "keywords": [
            "man",
            "male",
            "good",
            "hero",
            "superpowers"
        ],
        "char": "🦸‍♂️",
        "fitzpatrick_scale": true,
        "category": "people"
    },
    "woman_supervillain": {
        "keywords": [
            "woman",
            "female",
            "evil",
            "bad",
            "criminal",
            "heroine",
            "superpowers"
        ],
        "char": "🦹‍♀️",
        "fitzpatrick_scale": true,
        "category": "people"
    },
    "man_supervillain": {
        "keywords": [
            "man",
            "male",
            "evil",
            "bad",
            "criminal",
            "hero",
            "superpowers"
        ],
        "char": "🦹‍♂️",
        "fitzpatrick_scale": true,
        "category": "people"
    },
    "mrs_claus": {
        "keywords": [
            "woman",
            "female",
            "xmas",
            "mother christmas"
        ],
        "char": "🤶",
        "fitzpatrick_scale": true,
        "category": "people"
    },
    "santa": {
        "keywords": [
            "festival",
            "man",
            "male",
            "xmas",
            "father christmas"
        ],
        "char": "🎅",
        "fitzpatrick_scale": true,
        "category": "people"
    },
    "sorceress": {
        "keywords": [
            "woman",
            "female",
            "mage",
            "witch"
        ],
        "char": "🧙‍♀️",
        "fitzpatrick_scale": true,
        "category": "people"
    },
    "wizard": {
        "keywords": [
            "man",
            "male",
            "mage",
            "sorcerer"
        ],
        "char": "🧙‍♂️",
        "fitzpatrick_scale": true,
        "category": "people"
    },
    "woman_elf": {
        "keywords": [
            "woman",
            "female"
        ],
        "char": "🧝‍♀️",
        "fitzpatrick_scale": true,
        "category": "people"
    },
    "man_elf": {
        "keywords": [
            "man",
            "male"
        ],
        "char": "🧝‍♂️",
        "fitzpatrick_scale": true,
        "category": "people"
    },
    "woman_vampire": {
        "keywords": [
            "woman",
            "female"
        ],
        "char": "🧛‍♀️",
        "fitzpatrick_scale": true,
        "category": "people"
    },
    "man_vampire": {
        "keywords": [
            "man",
            "male",
            "dracula"
        ],
        "char": "🧛‍♂️",
        "fitzpatrick_scale": true,
        "category": "people"
    },
    "woman_zombie": {
        "keywords": [
            "woman",
            "female",
            "undead",
            "walking dead"
        ],
        "char": "🧟‍♀️",
        "fitzpatrick_scale": false,
        "category": "people"
    },
    "man_zombie": {
        "keywords": [
            "man",
            "male",
            "dracula",
            "undead",
            "walking dead"
        ],
        "char": "🧟‍♂️",
        "fitzpatrick_scale": false,
        "category": "people"
    },
    "woman_genie": {
        "keywords": [
            "woman",
            "female"
        ],
        "char": "🧞‍♀️",
        "fitzpatrick_scale": false,
        "category": "people"
    },
    "man_genie": {
        "keywords": [
            "man",
            "male"
        ],
        "char": "🧞‍♂️",
        "fitzpatrick_scale": false,
        "category": "people"
    },
    "mermaid": {
        "keywords": [
            "woman",
            "female",
            "merwoman",
            "ariel"
        ],
        "char": "🧜‍♀️",
        "fitzpatrick_scale": true,
        "category": "people"
    },
    "merman": {
        "keywords": [
            "man",
            "male",
            "triton"
        ],
        "char": "🧜‍♂️",
        "fitzpatrick_scale": true,
        "category": "people"
    },
    "woman_fairy": {
        "keywords": [
            "woman",
            "female"
        ],
        "char": "🧚‍♀️",
        "fitzpatrick_scale": true,
        "category": "people"
    },
    "man_fairy": {
        "keywords": [
            "man",
            "male"
        ],
        "char": "🧚‍♂️",
        "fitzpatrick_scale": true,
        "category": "people"
    },
    "angel": {
        "keywords": [
            "heaven",
            "wings",
            "halo"
        ],
        "char": "👼",
        "fitzpatrick_scale": true,
        "category": "people"
    },
    "pregnant_woman": {
        "keywords": [
            "baby"
        ],
        "char": "🤰",
        "fitzpatrick_scale": true,
        "category": "people"
    },
    "breastfeeding": {
        "keywords": [
            "nursing",
            "baby"
        ],
        "char": "🤱",
        "fitzpatrick_scale": true,
        "category": "people"
    },
    "princess": {
        "keywords": [
            "girl",
            "woman",
            "female",
            "blond",
            "crown",
            "royal",
            "queen"
        ],
        "char": "👸",
        "fitzpatrick_scale": true,
        "category": "people"
    },
    "prince": {
        "keywords": [
            "boy",
            "man",
            "male",
            "crown",
            "royal",
            "king"
        ],
        "char": "🤴",
        "fitzpatrick_scale": true,
        "category": "people"
    },
    "bride_with_veil": {
        "keywords": [
            "couple",
            "marriage",
            "wedding",
            "woman",
            "bride"
        ],
        "char": "👰",
        "fitzpatrick_scale": true,
        "category": "people"
    },
    "man_in_tuxedo": {
        "keywords": [
            "couple",
            "marriage",
            "wedding",
            "groom"
        ],
        "char": "🤵",
        "fitzpatrick_scale": true,
        "category": "people"
    },
    "running_woman": {
        "keywords": [
            "woman",
            "walking",
            "exercise",
            "race",
            "running",
            "female"
        ],
        "char": "🏃‍♀️",
        "fitzpatrick_scale": true,
        "category": "people"
    },
    "running_man": {
        "keywords": [
            "man",
            "walking",
            "exercise",
            "race",
            "running"
        ],
        "char": "🏃",
        "fitzpatrick_scale": true,
        "category": "people"
    },
    "walking_woman": {
        "keywords": [
            "human",
            "feet",
            "steps",
            "woman",
            "female"
        ],
        "char": "🚶‍♀️",
        "fitzpatrick_scale": true,
        "category": "people"
    },
    "walking_man": {
        "keywords": [
            "human",
            "feet",
            "steps"
        ],
        "char": "🚶",
        "fitzpatrick_scale": true,
        "category": "people"
    },
    "dancer": {
        "keywords": [
            "female",
            "girl",
            "woman",
            "fun"
        ],
        "char": "💃",
        "fitzpatrick_scale": true,
        "category": "people"
    },
    "man_dancing": {
        "keywords": [
            "male",
            "boy",
            "fun",
            "dancer"
        ],
        "char": "🕺",
        "fitzpatrick_scale": true,
        "category": "people"
    },
    "dancing_women": {
        "keywords": [
            "female",
            "bunny",
            "women",
            "girls"
        ],
        "char": "👯",
        "fitzpatrick_scale": false,
        "category": "people"
    },
    "dancing_men": {
        "keywords": [
            "male",
            "bunny",
            "men",
            "boys"
        ],
        "char": "👯‍♂️",
        "fitzpatrick_scale": false,
        "category": "people"
    },
    "couple": {
        "keywords": [
            "pair",
            "people",
            "human",
            "love",
            "date",
            "dating",
            "like",
            "affection",
            "valentines",
            "marriage"
        ],
        "char": "👫",
        "fitzpatrick_scale": false,
        "category": "people"
    },
    "two_men_holding_hands": {
        "keywords": [
            "pair",
            "couple",
            "love",
            "like",
            "bromance",
            "friendship",
            "people",
            "human"
        ],
        "char": "👬",
        "fitzpatrick_scale": false,
        "category": "people"
    },
    "two_women_holding_hands": {
        "keywords": [
            "pair",
            "friendship",
            "couple",
            "love",
            "like",
            "female",
            "people",
            "human"
        ],
        "char": "👭",
        "fitzpatrick_scale": false,
        "category": "people"
    },
    "bowing_woman": {
        "keywords": [
            "woman",
            "female",
            "girl"
        ],
        "char": "🙇‍♀️",
        "fitzpatrick_scale": true,
        "category": "people"
    },
    "bowing_man": {
        "keywords": [
            "man",
            "male",
            "boy"
        ],
        "char": "🙇",
        "fitzpatrick_scale": true,
        "category": "people"
    },
    "man_facepalming": {
        "keywords": [
            "man",
            "male",
            "boy",
            "disbelief"
        ],
        "char": "🤦‍♂️",
        "fitzpatrick_scale": true,
        "category": "people"
    },
    "woman_facepalming": {
        "keywords": [
            "woman",
            "female",
            "girl",
            "disbelief"
        ],
        "char": "🤦‍♀️",
        "fitzpatrick_scale": true,
        "category": "people"
    },
    "woman_shrugging": {
        "keywords": [
            "woman",
            "female",
            "girl",
            "confused",
            "indifferent",
            "doubt"
        ],
        "char": "🤷",
        "fitzpatrick_scale": true,
        "category": "people"
    },
    "man_shrugging": {
        "keywords": [
            "man",
            "male",
            "boy",
            "confused",
            "indifferent",
            "doubt"
        ],
        "char": "🤷‍♂️",
        "fitzpatrick_scale": true,
        "category": "people"
    },
    "tipping_hand_woman": {
        "keywords": [
            "female",
            "girl",
            "woman",
            "human",
            "information"
        ],
        "char": "💁",
        "fitzpatrick_scale": true,
        "category": "people"
    },
    "tipping_hand_man": {
        "keywords": [
            "male",
            "boy",
            "man",
            "human",
            "information"
        ],
        "char": "💁‍♂️",
        "fitzpatrick_scale": true,
        "category": "people"
    },
    "no_good_woman": {
        "keywords": [
            "female",
            "girl",
            "woman",
            "nope"
        ],
        "char": "🙅",
        "fitzpatrick_scale": true,
        "category": "people"
    },
    "no_good_man": {
        "keywords": [
            "male",
            "boy",
            "man",
            "nope"
        ],
        "char": "🙅‍♂️",
        "fitzpatrick_scale": true,
        "category": "people"
    },
    "ok_woman": {
        "keywords": [
            "women",
            "girl",
            "female",
            "pink",
            "human",
            "woman"
        ],
        "char": "🙆",
        "fitzpatrick_scale": true,
        "category": "people"
    },
    "ok_man": {
        "keywords": [
            "men",
            "boy",
            "male",
            "blue",
            "human",
            "man"
        ],
        "char": "🙆‍♂️",
        "fitzpatrick_scale": true,
        "category": "people"
    },
    "raising_hand_woman": {
        "keywords": [
            "female",
            "girl",
            "woman"
        ],
        "char": "🙋",
        "fitzpatrick_scale": true,
        "category": "people"
    },
    "raising_hand_man": {
        "keywords": [
            "male",
            "boy",
            "man"
        ],
        "char": "🙋‍♂️",
        "fitzpatrick_scale": true,
        "category": "people"
    },
    "pouting_woman": {
        "keywords": [
            "female",
            "girl",
            "woman"
        ],
        "char": "🙎",
        "fitzpatrick_scale": true,
        "category": "people"
    },
    "pouting_man": {
        "keywords": [
            "male",
            "boy",
            "man"
        ],
        "char": "🙎‍♂️",
        "fitzpatrick_scale": true,
        "category": "people"
    },
    "frowning_woman": {
        "keywords": [
            "female",
            "girl",
            "woman",
            "sad",
            "depressed",
            "discouraged",
            "unhappy"
        ],
        "char": "🙍",
        "fitzpatrick_scale": true,
        "category": "people"
    },
    "frowning_man": {
        "keywords": [
            "male",
            "boy",
            "man",
            "sad",
            "depressed",
            "discouraged",
            "unhappy"
        ],
        "char": "🙍‍♂️",
        "fitzpatrick_scale": true,
        "category": "people"
    },
    "haircut_woman": {
        "keywords": [
            "female",
            "girl",
            "woman"
        ],
        "char": "💇",
        "fitzpatrick_scale": true,
        "category": "people"
    },
    "haircut_man": {
        "keywords": [
            "male",
            "boy",
            "man"
        ],
        "char": "💇‍♂️",
        "fitzpatrick_scale": true,
        "category": "people"
    },
    "massage_woman": {
        "keywords": [
            "female",
            "girl",
            "woman",
            "head"
        ],
        "char": "💆",
        "fitzpatrick_scale": true,
        "category": "people"
    },
    "massage_man": {
        "keywords": [
            "male",
            "boy",
            "man",
            "head"
        ],
        "char": "💆‍♂️",
        "fitzpatrick_scale": true,
        "category": "people"
    },
    "woman_in_steamy_room": {
        "keywords": [
            "female",
            "woman",
            "spa",
            "steamroom",
            "sauna"
        ],
        "char": "🧖‍♀️",
        "fitzpatrick_scale": true,
        "category": "people"
    },
    "man_in_steamy_room": {
        "keywords": [
            "male",
            "man",
            "spa",
            "steamroom",
            "sauna"
        ],
        "char": "🧖‍♂️",
        "fitzpatrick_scale": true,
        "category": "people"
    },
    "couple_with_heart_woman_man": {
        "keywords": [
            "pair",
            "love",
            "like",
            "affection",
            "human",
            "dating",
            "valentines",
            "marriage"
        ],
        "char": "💑",
        "fitzpatrick_scale": false,
        "category": "people"
    },
    "couple_with_heart_woman_woman": {
        "keywords": [
            "pair",
            "love",
            "like",
            "affection",
            "human",
            "dating",
            "valentines",
            "marriage"
        ],
        "char": "👩‍❤️‍👩",
        "fitzpatrick_scale": false,
        "category": "people"
    },
    "couple_with_heart_man_man": {
        "keywords": [
            "pair",
            "love",
            "like",
            "affection",
            "human",
            "dating",
            "valentines",
            "marriage"
        ],
        "char": "👨‍❤️‍👨",
        "fitzpatrick_scale": false,
        "category": "people"
    },
    "couplekiss_man_woman": {
        "keywords": [
            "pair",
            "valentines",
            "love",
            "like",
            "dating",
            "marriage"
        ],
        "char": "💏",
        "fitzpatrick_scale": false,
        "category": "people"
    },
    "couplekiss_woman_woman": {
        "keywords": [
            "pair",
            "valentines",
            "love",
            "like",
            "dating",
            "marriage"
        ],
        "char": "👩‍❤️‍💋‍👩",
        "fitzpatrick_scale": false,
        "category": "people"
    },
    "couplekiss_man_man": {
        "keywords": [
            "pair",
            "valentines",
            "love",
            "like",
            "dating",
            "marriage"
        ],
        "char": "👨‍❤️‍💋‍👨",
        "fitzpatrick_scale": false,
        "category": "people"
    },
    "family_man_woman_boy": {
        "keywords": [
            "home",
            "parents",
            "child",
            "mom",
            "dad",
            "father",
            "mother",
            "people",
            "human"
        ],
        "char": "👪",
        "fitzpatrick_scale": false,
        "category": "people"
    },
    "family_man_woman_girl": {
        "keywords": [
            "home",
            "parents",
            "people",
            "human",
            "child"
        ],
        "char": "👨‍👩‍👧",
        "fitzpatrick_scale": false,
        "category": "people"
    },
    "family_man_woman_girl_boy": {
        "keywords": [
            "home",
            "parents",
            "people",
            "human",
            "children"
        ],
        "char": "👨‍👩‍👧‍👦",
        "fitzpatrick_scale": false,
        "category": "people"
    },
    "family_man_woman_boy_boy": {
        "keywords": [
            "home",
            "parents",
            "people",
            "human",
            "children"
        ],
        "char": "👨‍👩‍👦‍👦",
        "fitzpatrick_scale": false,
        "category": "people"
    },
    "family_man_woman_girl_girl": {
        "keywords": [
            "home",
            "parents",
            "people",
            "human",
            "children"
        ],
        "char": "👨‍👩‍👧‍👧",
        "fitzpatrick_scale": false,
        "category": "people"
    },
    "family_woman_woman_boy": {
        "keywords": [
            "home",
            "parents",
            "people",
            "human",
            "children"
        ],
        "char": "👩‍👩‍👦",
        "fitzpatrick_scale": false,
        "category": "people"
    },
    "family_woman_woman_girl": {
        "keywords": [
            "home",
            "parents",
            "people",
            "human",
            "children"
        ],
        "char": "👩‍👩‍👧",
        "fitzpatrick_scale": false,
        "category": "people"
    },
    "family_woman_woman_girl_boy": {
        "keywords": [
            "home",
            "parents",
            "people",
            "human",
            "children"
        ],
        "char": "👩‍👩‍👧‍👦",
        "fitzpatrick_scale": false,
        "category": "people"
    },
    "family_woman_woman_boy_boy": {
        "keywords": [
            "home",
            "parents",
            "people",
            "human",
            "children"
        ],
        "char": "👩‍👩‍👦‍👦",
        "fitzpatrick_scale": false,
        "category": "people"
    },
    "family_woman_woman_girl_girl": {
        "keywords": [
            "home",
            "parents",
            "people",
            "human",
            "children"
        ],
        "char": "👩‍👩‍👧‍👧",
        "fitzpatrick_scale": false,
        "category": "people"
    },
    "family_man_man_boy": {
        "keywords": [
            "home",
            "parents",
            "people",
            "human",
            "children"
        ],
        "char": "👨‍👨‍👦",
        "fitzpatrick_scale": false,
        "category": "people"
    },
    "family_man_man_girl": {
        "keywords": [
            "home",
            "parents",
            "people",
            "human",
            "children"
        ],
        "char": "👨‍👨‍👧",
        "fitzpatrick_scale": false,
        "category": "people"
    },
    "family_man_man_girl_boy": {
        "keywords": [
            "home",
            "parents",
            "people",
            "human",
            "children"
        ],
        "char": "👨‍👨‍👧‍👦",
        "fitzpatrick_scale": false,
        "category": "people"
    },
    "family_man_man_boy_boy": {
        "keywords": [
            "home",
            "parents",
            "people",
            "human",
            "children"
        ],
        "char": "👨‍👨‍👦‍👦",
        "fitzpatrick_scale": false,
        "category": "people"
    },
    "family_man_man_girl_girl": {
        "keywords": [
            "home",
            "parents",
            "people",
            "human",
            "children"
        ],
        "char": "👨‍👨‍👧‍👧",
        "fitzpatrick_scale": false,
        "category": "people"
    },
    "family_woman_boy": {
        "keywords": [
            "home",
            "parent",
            "people",
            "human",
            "child"
        ],
        "char": "👩‍👦",
        "fitzpatrick_scale": false,
        "category": "people"
    },
    "family_woman_girl": {
        "keywords": [
            "home",
            "parent",
            "people",
            "human",
            "child"
        ],
        "char": "👩‍👧",
        "fitzpatrick_scale": false,
        "category": "people"
    },
    "family_woman_girl_boy": {
        "keywords": [
            "home",
            "parent",
            "people",
            "human",
            "children"
        ],
        "char": "👩‍👧‍👦",
        "fitzpatrick_scale": false,
        "category": "people"
    },
    "family_woman_boy_boy": {
        "keywords": [
            "home",
            "parent",
            "people",
            "human",
            "children"
        ],
        "char": "👩‍👦‍👦",
        "fitzpatrick_scale": false,
        "category": "people"
    },
    "family_woman_girl_girl": {
        "keywords": [
            "home",
            "parent",
            "people",
            "human",
            "children"
        ],
        "char": "👩‍👧‍👧",
        "fitzpatrick_scale": false,
        "category": "people"
    },
    "family_man_boy": {
        "keywords": [
            "home",
            "parent",
            "people",
            "human",
            "child"
        ],
        "char": "👨‍👦",
        "fitzpatrick_scale": false,
        "category": "people"
    },
    "family_man_girl": {
        "keywords": [
            "home",
            "parent",
            "people",
            "human",
            "child"
        ],
        "char": "👨‍👧",
        "fitzpatrick_scale": false,
        "category": "people"
    },
    "family_man_girl_boy": {
        "keywords": [
            "home",
            "parent",
            "people",
            "human",
            "children"
        ],
        "char": "👨‍👧‍👦",
        "fitzpatrick_scale": false,
        "category": "people"
    },
    "family_man_boy_boy": {
        "keywords": [
            "home",
            "parent",
            "people",
            "human",
            "children"
        ],
        "char": "👨‍👦‍👦",
        "fitzpatrick_scale": false,
        "category": "people"
    },
    "family_man_girl_girl": {
        "keywords": [
            "home",
            "parent",
            "people",
            "human",
            "children"
        ],
        "char": "👨‍👧‍👧",
        "fitzpatrick_scale": false,
        "category": "people"
    },
    "yarn": {
        "keywords": [
            "ball",
            "crochet",
            "knit"
        ],
        "char": "🧶",
        "fitzpatrick_scale": false,
        "category": "people"
    },
    "thread": {
        "keywords": [
            "needle",
            "sewing",
            "spool",
            "string"
        ],
        "char": "🧵",
        "fitzpatrick_scale": false,
        "category": "people"
    },
    "coat": {
        "keywords": [
            "jacket"
        ],
        "char": "🧥",
        "fitzpatrick_scale": false,
        "category": "people"
    },
    "labcoat": {
        "keywords": [
            "doctor",
            "experiment",
            "scientist",
            "chemist"
        ],
        "char": "🥼",
        "fitzpatrick_scale": false,
        "category": "people"
    },
    "womans_clothes": {
        "keywords": [
            "fashion",
            "shopping_bags",
            "female"
        ],
        "char": "👚",
        "fitzpatrick_scale": false,
        "category": "people"
    },
    "tshirt": {
        "keywords": [
            "fashion",
            "cloth",
            "casual",
            "shirt",
            "tee"
        ],
        "char": "👕",
        "fitzpatrick_scale": false,
        "category": "people"
    },
    "jeans": {
        "keywords": [
            "fashion",
            "shopping"
        ],
        "char": "👖",
        "fitzpatrick_scale": false,
        "category": "people"
    },
    "necktie": {
        "keywords": [
            "shirt",
            "suitup",
            "formal",
            "fashion",
            "cloth",
            "business"
        ],
        "char": "👔",
        "fitzpatrick_scale": false,
        "category": "people"
    },
    "dress": {
        "keywords": [
            "clothes",
            "fashion",
            "shopping"
        ],
        "char": "👗",
        "fitzpatrick_scale": false,
        "category": "people"
    },
    "bikini": {
        "keywords": [
            "swimming",
            "female",
            "woman",
            "girl",
            "fashion",
            "beach",
            "summer"
        ],
        "char": "👙",
        "fitzpatrick_scale": false,
        "category": "people"
    },
    "kimono": {
        "keywords": [
            "dress",
            "fashion",
            "women",
            "female",
            "japanese"
        ],
        "char": "👘",
        "fitzpatrick_scale": false,
        "category": "people"
    },
    "lipstick": {
        "keywords": [
            "female",
            "girl",
            "fashion",
            "woman"
        ],
        "char": "💄",
        "fitzpatrick_scale": false,
        "category": "people"
    },
    "kiss": {
        "keywords": [
            "face",
            "lips",
            "love",
            "like",
            "affection",
            "valentines"
        ],
        "char": "💋",
        "fitzpatrick_scale": false,
        "category": "people"
    },
    "footprints": {
        "keywords": [
            "feet",
            "tracking",
            "walking",
            "beach"
        ],
        "char": "👣",
        "fitzpatrick_scale": false,
        "category": "people"
    },
    "flat_shoe": {
        "keywords": [
            "ballet",
            "slip-on",
            "slipper"
        ],
        "char": "🥿",
        "fitzpatrick_scale": false,
        "category": "people"
    },
    "high_heel": {
        "keywords": [
            "fashion",
            "shoes",
            "female",
            "pumps",
            "stiletto"
        ],
        "char": "👠",
        "fitzpatrick_scale": false,
        "category": "people"
    },
    "sandal": {
        "keywords": [
            "shoes",
            "fashion",
            "flip flops"
        ],
        "char": "👡",
        "fitzpatrick_scale": false,
        "category": "people"
    },
    "boot": {
        "keywords": [
            "shoes",
            "fashion"
        ],
        "char": "👢",
        "fitzpatrick_scale": false,
        "category": "people"
    },
    "mans_shoe": {
        "keywords": [
            "fashion",
            "male"
        ],
        "char": "👞",
        "fitzpatrick_scale": false,
        "category": "people"
    },
    "athletic_shoe": {
        "keywords": [
            "shoes",
            "sports",
            "sneakers"
        ],
        "char": "👟",
        "fitzpatrick_scale": false,
        "category": "people"
    },
    "hiking_boot": {
        "keywords": [
            "backpacking",
            "camping",
            "hiking"
        ],
        "char": "🥾",
        "fitzpatrick_scale": false,
        "category": "people"
    },
    "socks": {
        "keywords": [
            "stockings",
            "clothes"
        ],
        "char": "🧦",
        "fitzpatrick_scale": false,
        "category": "people"
    },
    "gloves": {
        "keywords": [
            "hands",
            "winter",
            "clothes"
        ],
        "char": "🧤",
        "fitzpatrick_scale": false,
        "category": "people"
    },
    "scarf": {
        "keywords": [
            "neck",
            "winter",
            "clothes"
        ],
        "char": "🧣",
        "fitzpatrick_scale": false,
        "category": "people"
    },
    "womans_hat": {
        "keywords": [
            "fashion",
            "accessories",
            "female",
            "lady",
            "spring"
        ],
        "char": "👒",
        "fitzpatrick_scale": false,
        "category": "people"
    },
    "tophat": {
        "keywords": [
            "magic",
            "gentleman",
            "classy",
            "circus"
        ],
        "char": "🎩",
        "fitzpatrick_scale": false,
        "category": "people"
    },
    "billed_hat": {
        "keywords": [
            "cap",
            "baseball"
        ],
        "char": "🧢",
        "fitzpatrick_scale": false,
        "category": "people"
    },
    "rescue_worker_helmet": {
        "keywords": [
            "construction",
            "build"
        ],
        "char": "⛑",
        "fitzpatrick_scale": false,
        "category": "people"
    },
    "mortar_board": {
        "keywords": [
            "school",
            "college",
            "degree",
            "university",
            "graduation",
            "cap",
            "hat",
            "legal",
            "learn",
            "education"
        ],
        "char": "🎓",
        "fitzpatrick_scale": false,
        "category": "people"
    },
    "crown": {
        "keywords": [
            "king",
            "kod",
            "leader",
            "royalty",
            "lord"
        ],
        "char": "👑",
        "fitzpatrick_scale": false,
        "category": "people"
    },
    "school_satchel": {
        "keywords": [
            "student",
            "education",
            "bag",
            "backpack"
        ],
        "char": "🎒",
        "fitzpatrick_scale": false,
        "category": "people"
    },
    "luggage": {
        "keywords": [
            "packing",
            "travel"
        ],
        "char": "🧳",
        "fitzpatrick_scale": false,
        "category": "people"
    },
    "pouch": {
        "keywords": [
            "bag",
            "accessories",
            "shopping"
        ],
        "char": "👝",
        "fitzpatrick_scale": false,
        "category": "people"
    },
    "purse": {
        "keywords": [
            "fashion",
            "accessories",
            "money",
            "sales",
            "shopping"
        ],
        "char": "👛",
        "fitzpatrick_scale": false,
        "category": "people"
    },
    "handbag": {
        "keywords": [
            "fashion",
            "accessory",
            "accessories",
            "shopping"
        ],
        "char": "👜",
        "fitzpatrick_scale": false,
        "category": "people"
    },
    "briefcase": {
        "keywords": [
            "business",
            "documents",
            "work",
            "law",
            "legal",
            "job",
            "career"
        ],
        "char": "💼",
        "fitzpatrick_scale": false,
        "category": "people"
    },
    "eyeglasses": {
        "keywords": [
            "fashion",
            "accessories",
            "eyesight",
            "nerdy",
            "dork",
            "geek"
        ],
        "char": "👓",
        "fitzpatrick_scale": false,
        "category": "people"
    },
    "dark_sunglasses": {
        "keywords": [
            "face",
            "cool",
            "accessories"
        ],
        "char": "🕶",
        "fitzpatrick_scale": false,
        "category": "people"
    },
    "goggles": {
        "keywords": [
            "eyes",
            "protection",
            "safety"
        ],
        "char": "🥽",
        "fitzpatrick_scale": false,
        "category": "people"
    },
    "ring": {
        "keywords": [
            "wedding",
            "propose",
            "marriage",
            "valentines",
            "diamond",
            "fashion",
            "jewelry",
            "gem",
            "engagement"
        ],
        "char": "💍",
        "fitzpatrick_scale": false,
        "category": "people"
    },
    "closed_umbrella": {
        "keywords": [
            "weather",
            "rain",
            "drizzle"
        ],
        "char": "🌂",
        "fitzpatrick_scale": false,
        "category": "people"
    }
}