{"assets/icons/Analytics.svg":["assets/icons/Analytics.svg"],"assets/icons/Arrow-drop-down.svg":["assets/icons/Arrow-drop-down.svg"],"assets/icons/Arrow-drop-right.svg":["assets/icons/Arrow-drop-right.svg"],"assets/icons/Arrow-drop-up.svg":["assets/icons/Arrow-drop-up.svg"],"assets/icons/Arrow_down.svg":["assets/icons/Arrow_down.svg"],"assets/icons/Plus.svg":["assets/icons/Plus.svg"],"assets/icons/Radio_Off.svg":["assets/icons/Radio_Off.svg"],"assets/icons/Radio_On.svg":["assets/icons/Radio_On.svg"],"assets/icons/Right_arrow.svg":["assets/icons/Right_arrow.svg"],"assets/icons/SMessage.svg":["assets/icons/SMessage.svg"],"assets/icons/Switch_UI_titleText.svg":["assets/icons/Switch_UI_titleText.svg"],"assets/icons/add_guest_1.svg":["assets/icons/add_guest_1.svg"],"assets/icons/add_new_guest.svg":["assets/icons/add_new_guest.svg"],"assets/icons/arrow_down_small.svg":["assets/icons/arrow_down_small.svg"],"assets/icons/arrow_left.svg":["assets/icons/arrow_left.svg"],"assets/icons/attachement.svg":["assets/icons/attachement.svg"],"assets/icons/audio_file_type.svg":["assets/icons/audio_file_type.svg"],"assets/icons/block_user.svg":["assets/icons/block_user.svg"],"assets/icons/block_user_avatar.png":["assets/icons/block_user_avatar.png"],"assets/icons/bot.svg":["assets/icons/bot.svg"],"assets/icons/calendar_icon.svg":["assets/icons/calendar_icon.svg"],"assets/icons/call_declain_icon.svg":["assets/icons/call_declain_icon.svg"],"assets/icons/call_icon.svg":["assets/icons/call_icon.svg"],"assets/icons/call_in_progress_icon.svg":["assets/icons/call_in_progress_icon.svg"],"assets/icons/call_incoming.svg":["assets/icons/call_incoming.svg"],"assets/icons/call_no_response.svg":["assets/icons/call_no_response.svg"],"assets/icons/call_outgoing.svg":["assets/icons/call_outgoing.svg"],"assets/icons/call_receive_icon.svg":["assets/icons/call_receive_icon.svg"],"assets/icons/call_rejected.svg":["assets/icons/call_rejected.svg"],"assets/icons/call_time.svg":["assets/icons/call_time.svg"],"assets/icons/call_user.svg":["assets/icons/call_user.svg"],"assets/icons/chat.svg":["assets/icons/chat.svg"],"assets/icons/clear_input.svg":["assets/icons/clear_input.svg"],"assets/icons/close_icon_outline.svg":["assets/icons/close_icon_outline.svg"],"assets/icons/close_preview.svg":["assets/icons/close_preview.svg"],"assets/icons/conversations_icon.svg":["assets/icons/conversations_icon.svg"],"assets/icons/cross_icon.svg":["assets/icons/cross_icon.svg"],"assets/icons/cross_with_circle.svg":["assets/icons/cross_with_circle.svg"],"assets/icons/delete.svg":["assets/icons/delete.svg"],"assets/icons/delivered_messages.svg":["assets/icons/delivered_messages.svg"],"assets/icons/document_file_type.svg":["assets/icons/document_file_type.svg"],"assets/icons/double_tick.svg":["assets/icons/double_tick.svg"],"assets/icons/download_icon.svg":["assets/icons/download_icon.svg"],"assets/icons/edit.svg":["assets/icons/edit.svg"],"assets/icons/emoji.svg":["assets/icons/emoji.svg"],"assets/icons/equal_vector.svg":["assets/icons/equal_vector.svg"],"assets/icons/ezconnect_logo.svg":["assets/icons/ezconnect_logo.svg"],"assets/icons/fb_messenger.svg":["assets/icons/fb_messenger.svg"],"assets/icons/file_type_audio.svg":["assets/icons/file_type_audio.svg"],"assets/icons/file_type_audio_small.svg":["assets/icons/file_type_audio_small.svg"],"assets/icons/file_type_document.svg":["assets/icons/file_type_document.svg"],"assets/icons/file_type_document_small.svg":["assets/icons/file_type_document_small.svg"],"assets/icons/file_type_gif.svg":["assets/icons/file_type_gif.svg"],"assets/icons/file_type_gif_small.svg":["assets/icons/file_type_gif_small.svg"],"assets/icons/file_type_image_small.svg":["assets/icons/file_type_image_small.svg"],"assets/icons/file_type_pdf.svg":["assets/icons/file_type_pdf.svg"],"assets/icons/file_type_pdf_small.svg":["assets/icons/file_type_pdf_small.svg"],"assets/icons/file_type_text.svg":["assets/icons/file_type_text.svg"],"assets/icons/file_type_text_small.svg":["assets/icons/file_type_text_small.svg"],"assets/icons/file_type_video.svg":["assets/icons/file_type_video.svg"],"assets/icons/file_type_video_small.svg":["assets/icons/file_type_video_small.svg"],"assets/icons/gallary_icon.svg":["assets/icons/gallary_icon.svg"],"assets/icons/gif_file_type.svg":["assets/icons/gif_file_type.svg"],"assets/icons/guest_filter.svg":["assets/icons/guest_filter.svg"],"assets/icons/guest_opted_concent.svg":["assets/icons/guest_opted_concent.svg"],"assets/icons/guest_sync.svg":["assets/icons/guest_sync.svg"],"assets/icons/help.svg":["assets/icons/help.svg"],"assets/icons/info.svg":["assets/icons/info.svg"],"assets/icons/info_config.svg":["assets/icons/info_config.svg"],"assets/icons/insta.svg":["assets/icons/insta.svg"],"assets/icons/leading_icon.svg":["assets/icons/leading_icon.svg"],"assets/icons/left_arrow_preview.svg":["assets/icons/left_arrow_preview.svg"],"assets/icons/left_arrow_preview_disabled.svg":["assets/icons/left_arrow_preview_disabled.svg"],"assets/icons/lock.svg":["assets/icons/lock.svg"],"assets/icons/macro.svg":["assets/icons/macro.svg"],"assets/icons/macro_disabled.svg":["assets/icons/macro_disabled.svg"],"assets/icons/messenger.svg":["assets/icons/messenger.svg"],"assets/icons/mic_off_icon.svg":["assets/icons/mic_off_icon.svg"],"assets/icons/mic_on_icon.svg":["assets/icons/mic_on_icon.svg"],"assets/icons/missed_call_icon.svg":["assets/icons/missed_call_icon.svg"],"assets/icons/mute_notification.svg":["assets/icons/mute_notification.svg"],"assets/icons/no_callHistory_icon.svg":["assets/icons/no_callHistory_icon.svg"],"assets/icons/no_data_found_icon.svg":["assets/icons/no_data_found_icon.svg"],"assets/icons/no_guest_card.svg":["assets/icons/no_guest_card.svg"],"assets/icons/no_unread_msg.svg":["assets/icons/no_unread_msg.svg"],"assets/icons/no_user_convo.svg":["assets/icons/no_user_convo.svg"],"assets/icons/notes.svg":["assets/icons/notes.svg"],"assets/icons/notification.svg":["assets/icons/notification.svg"],"assets/icons/notification_icon.svg":["assets/icons/notification_icon.svg"],"assets/icons/pdf_file_type.svg":["assets/icons/pdf_file_type.svg"],"assets/icons/pin_icon.svg":["assets/icons/pin_icon.svg"],"assets/icons/plus_vector.svg":["assets/icons/plus_vector.svg"],"assets/icons/re_book.svg":["assets/icons/re_book.svg"],"assets/icons/recived_messages.svg":["assets/icons/recived_messages.svg"],"assets/icons/reminder.svg":["assets/icons/reminder.svg"],"assets/icons/reschedule.svg":["assets/icons/reschedule.svg"],"assets/icons/right_arrow_preview.svg":["assets/icons/right_arrow_preview.svg"],"assets/icons/right_arrow_preview_disabled.svg":["assets/icons/right_arrow_preview_disabled.svg"],"assets/icons/saved_response_chat.svg":["assets/icons/saved_response_chat.svg"],"assets/icons/saved_response_chat_disabled.svg":["assets/icons/saved_response_chat_disabled.svg"],"assets/icons/saved_responses.svg":["assets/icons/saved_responses.svg"],"assets/icons/search_icon.svg":["assets/icons/search_icon.svg"],"assets/icons/send_button.svg":["assets/icons/send_button.svg"],"assets/icons/sent_messages.svg":["assets/icons/sent_messages.svg"],"assets/icons/sent_notification.svg":["assets/icons/sent_notification.svg"],"assets/icons/settings.svg":["assets/icons/settings.svg"],"assets/icons/share_invoice.svg":["assets/icons/share_invoice.svg"],"assets/icons/similar_search.svg":["assets/icons/similar_search.svg"],"assets/icons/single_tick.svg":["assets/icons/single_tick.svg"],"assets/icons/sms_awaiting.svg":["assets/icons/sms_awaiting.svg"],"assets/icons/sms_big.svg":["assets/icons/sms_big.svg"],"assets/icons/sms_icon.svg":["assets/icons/sms_icon.svg"],"assets/icons/sms_not_opted.svg":["assets/icons/sms_not_opted.svg"],"assets/icons/sms_opt_in.svg":["assets/icons/sms_opt_in.svg"],"assets/icons/switch_UI.svg":["assets/icons/switch_UI.svg"],"assets/icons/switch_UI_chat.svg":["assets/icons/switch_UI_chat.svg"],"assets/icons/switch_UI_ezconnectLogo.svg":["assets/icons/switch_UI_ezconnectLogo.svg"],"assets/icons/text_file_type.svg":["assets/icons/text_file_type.svg"],"assets/icons/total_guest_concent.svg":["assets/icons/total_guest_concent.svg"],"assets/icons/twoWay_messages.svg":["assets/icons/twoWay_messages.svg"],"assets/icons/unblock_user.svg":["assets/icons/unblock_user.svg"],"assets/icons/unknown_user.svg":["assets/icons/unknown_user.svg"],"assets/icons/user_tab.svg":["assets/icons/user_tab.svg"],"assets/icons/video_file_type.svg":["assets/icons/video_file_type.svg"],"assets/icons/view_more_horizontal.svg":["assets/icons/view_more_horizontal.svg"],"assets/icons/view_more_vertical.svg":["assets/icons/view_more_vertical.svg"],"assets/icons/view_profile.svg":["assets/icons/view_profile.svg"],"assets/icons/voice_call_icon.svg":["assets/icons/voice_call_icon.svg"],"assets/icons/whatsapp.svg":["assets/icons/whatsapp.svg"],"assets/icons/whatsapp_awaiting.svg":["assets/icons/whatsapp_awaiting.svg"],"assets/icons/whatsapp_icon.svg":["assets/icons/whatsapp_icon.svg"],"assets/icons/whatsapp_not_opted.svg":["assets/icons/whatsapp_not_opted.svg"],"assets/icons/whatsapp_opt_in.svg":["assets/icons/whatsapp_opt_in.svg"],"assets/icons/whatsapp_small.svg":["assets/icons/whatsapp_small.svg"],"assets/images/bg_user_conversation.jpg":["assets/images/bg_user_conversation.jpg"],"assets/images/no_profile.jpeg":["assets/images/no_profile.jpeg"],"assets/json_models/call_history.json":["assets/json_models/call_history.json"],"assets/json_models/general_settings.json":["assets/json_models/general_settings.json"],"assets/json_models/role_permissions.json":["assets/json_models/role_permissions.json"],"assets/json_models/saved_responses.json":["assets/json_models/saved_responses.json"],"assets/json_models/security_roles.json":["assets/json_models/security_roles.json"],"assets/json_models/user_filtter.json":["assets/json_models/user_filtter.json"],"assets/strings/ar.json":["assets/strings/ar.json"],"assets/strings/de.json":["assets/strings/de.json"],"assets/strings/en.json":["assets/strings/en.json"],"files/signalrmobile.html":["files/signalrmobile.html"],"packages/country_code_picker/flags/ad.png":["packages/country_code_picker/flags/ad.png"],"packages/country_code_picker/flags/ae.png":["packages/country_code_picker/flags/ae.png"],"packages/country_code_picker/flags/af.png":["packages/country_code_picker/flags/af.png"],"packages/country_code_picker/flags/ag.png":["packages/country_code_picker/flags/ag.png"],"packages/country_code_picker/flags/ai.png":["packages/country_code_picker/flags/ai.png"],"packages/country_code_picker/flags/al.png":["packages/country_code_picker/flags/al.png"],"packages/country_code_picker/flags/am.png":["packages/country_code_picker/flags/am.png"],"packages/country_code_picker/flags/an.png":["packages/country_code_picker/flags/an.png"],"packages/country_code_picker/flags/ao.png":["packages/country_code_picker/flags/ao.png"],"packages/country_code_picker/flags/aq.png":["packages/country_code_picker/flags/aq.png"],"packages/country_code_picker/flags/ar.png":["packages/country_code_picker/flags/ar.png"],"packages/country_code_picker/flags/as.png":["packages/country_code_picker/flags/as.png"],"packages/country_code_picker/flags/at.png":["packages/country_code_picker/flags/at.png"],"packages/country_code_picker/flags/au.png":["packages/country_code_picker/flags/au.png"],"packages/country_code_picker/flags/aw.png":["packages/country_code_picker/flags/aw.png"],"packages/country_code_picker/flags/ax.png":["packages/country_code_picker/flags/ax.png"],"packages/country_code_picker/flags/az.png":["packages/country_code_picker/flags/az.png"],"packages/country_code_picker/flags/ba.png":["packages/country_code_picker/flags/ba.png"],"packages/country_code_picker/flags/bb.png":["packages/country_code_picker/flags/bb.png"],"packages/country_code_picker/flags/bd.png":["packages/country_code_picker/flags/bd.png"],"packages/country_code_picker/flags/be.png":["packages/country_code_picker/flags/be.png"],"packages/country_code_picker/flags/bf.png":["packages/country_code_picker/flags/bf.png"],"packages/country_code_picker/flags/bg.png":["packages/country_code_picker/flags/bg.png"],"packages/country_code_picker/flags/bh.png":["packages/country_code_picker/flags/bh.png"],"packages/country_code_picker/flags/bi.png":["packages/country_code_picker/flags/bi.png"],"packages/country_code_picker/flags/bj.png":["packages/country_code_picker/flags/bj.png"],"packages/country_code_picker/flags/bl.png":["packages/country_code_picker/flags/bl.png"],"packages/country_code_picker/flags/bm.png":["packages/country_code_picker/flags/bm.png"],"packages/country_code_picker/flags/bn.png":["packages/country_code_picker/flags/bn.png"],"packages/country_code_picker/flags/bo.png":["packages/country_code_picker/flags/bo.png"],"packages/country_code_picker/flags/bq.png":["packages/country_code_picker/flags/bq.png"],"packages/country_code_picker/flags/br.png":["packages/country_code_picker/flags/br.png"],"packages/country_code_picker/flags/bs.png":["packages/country_code_picker/flags/bs.png"],"packages/country_code_picker/flags/bt.png":["packages/country_code_picker/flags/bt.png"],"packages/country_code_picker/flags/bv.png":["packages/country_code_picker/flags/bv.png"],"packages/country_code_picker/flags/bw.png":["packages/country_code_picker/flags/bw.png"],"packages/country_code_picker/flags/by.png":["packages/country_code_picker/flags/by.png"],"packages/country_code_picker/flags/bz.png":["packages/country_code_picker/flags/bz.png"],"packages/country_code_picker/flags/ca.png":["packages/country_code_picker/flags/ca.png"],"packages/country_code_picker/flags/cc.png":["packages/country_code_picker/flags/cc.png"],"packages/country_code_picker/flags/cd.png":["packages/country_code_picker/flags/cd.png"],"packages/country_code_picker/flags/cf.png":["packages/country_code_picker/flags/cf.png"],"packages/country_code_picker/flags/cg.png":["packages/country_code_picker/flags/cg.png"],"packages/country_code_picker/flags/ch.png":["packages/country_code_picker/flags/ch.png"],"packages/country_code_picker/flags/ci.png":["packages/country_code_picker/flags/ci.png"],"packages/country_code_picker/flags/ck.png":["packages/country_code_picker/flags/ck.png"],"packages/country_code_picker/flags/cl.png":["packages/country_code_picker/flags/cl.png"],"packages/country_code_picker/flags/cm.png":["packages/country_code_picker/flags/cm.png"],"packages/country_code_picker/flags/cn.png":["packages/country_code_picker/flags/cn.png"],"packages/country_code_picker/flags/co.png":["packages/country_code_picker/flags/co.png"],"packages/country_code_picker/flags/cr.png":["packages/country_code_picker/flags/cr.png"],"packages/country_code_picker/flags/cu.png":["packages/country_code_picker/flags/cu.png"],"packages/country_code_picker/flags/cv.png":["packages/country_code_picker/flags/cv.png"],"packages/country_code_picker/flags/cw.png":["packages/country_code_picker/flags/cw.png"],"packages/country_code_picker/flags/cx.png":["packages/country_code_picker/flags/cx.png"],"packages/country_code_picker/flags/cy.png":["packages/country_code_picker/flags/cy.png"],"packages/country_code_picker/flags/cz.png":["packages/country_code_picker/flags/cz.png"],"packages/country_code_picker/flags/de.png":["packages/country_code_picker/flags/de.png"],"packages/country_code_picker/flags/dj.png":["packages/country_code_picker/flags/dj.png"],"packages/country_code_picker/flags/dk.png":["packages/country_code_picker/flags/dk.png"],"packages/country_code_picker/flags/dm.png":["packages/country_code_picker/flags/dm.png"],"packages/country_code_picker/flags/do.png":["packages/country_code_picker/flags/do.png"],"packages/country_code_picker/flags/dz.png":["packages/country_code_picker/flags/dz.png"],"packages/country_code_picker/flags/ec.png":["packages/country_code_picker/flags/ec.png"],"packages/country_code_picker/flags/ee.png":["packages/country_code_picker/flags/ee.png"],"packages/country_code_picker/flags/eg.png":["packages/country_code_picker/flags/eg.png"],"packages/country_code_picker/flags/eh.png":["packages/country_code_picker/flags/eh.png"],"packages/country_code_picker/flags/er.png":["packages/country_code_picker/flags/er.png"],"packages/country_code_picker/flags/es.png":["packages/country_code_picker/flags/es.png"],"packages/country_code_picker/flags/et.png":["packages/country_code_picker/flags/et.png"],"packages/country_code_picker/flags/eu.png":["packages/country_code_picker/flags/eu.png"],"packages/country_code_picker/flags/fi.png":["packages/country_code_picker/flags/fi.png"],"packages/country_code_picker/flags/fj.png":["packages/country_code_picker/flags/fj.png"],"packages/country_code_picker/flags/fk.png":["packages/country_code_picker/flags/fk.png"],"packages/country_code_picker/flags/fm.png":["packages/country_code_picker/flags/fm.png"],"packages/country_code_picker/flags/fo.png":["packages/country_code_picker/flags/fo.png"],"packages/country_code_picker/flags/fr.png":["packages/country_code_picker/flags/fr.png"],"packages/country_code_picker/flags/ga.png":["packages/country_code_picker/flags/ga.png"],"packages/country_code_picker/flags/gb-eng.png":["packages/country_code_picker/flags/gb-eng.png"],"packages/country_code_picker/flags/gb-nir.png":["packages/country_code_picker/flags/gb-nir.png"],"packages/country_code_picker/flags/gb-sct.png":["packages/country_code_picker/flags/gb-sct.png"],"packages/country_code_picker/flags/gb-wls.png":["packages/country_code_picker/flags/gb-wls.png"],"packages/country_code_picker/flags/gb.png":["packages/country_code_picker/flags/gb.png"],"packages/country_code_picker/flags/gd.png":["packages/country_code_picker/flags/gd.png"],"packages/country_code_picker/flags/ge.png":["packages/country_code_picker/flags/ge.png"],"packages/country_code_picker/flags/gf.png":["packages/country_code_picker/flags/gf.png"],"packages/country_code_picker/flags/gg.png":["packages/country_code_picker/flags/gg.png"],"packages/country_code_picker/flags/gh.png":["packages/country_code_picker/flags/gh.png"],"packages/country_code_picker/flags/gi.png":["packages/country_code_picker/flags/gi.png"],"packages/country_code_picker/flags/gl.png":["packages/country_code_picker/flags/gl.png"],"packages/country_code_picker/flags/gm.png":["packages/country_code_picker/flags/gm.png"],"packages/country_code_picker/flags/gn.png":["packages/country_code_picker/flags/gn.png"],"packages/country_code_picker/flags/gp.png":["packages/country_code_picker/flags/gp.png"],"packages/country_code_picker/flags/gq.png":["packages/country_code_picker/flags/gq.png"],"packages/country_code_picker/flags/gr.png":["packages/country_code_picker/flags/gr.png"],"packages/country_code_picker/flags/gs.png":["packages/country_code_picker/flags/gs.png"],"packages/country_code_picker/flags/gt.png":["packages/country_code_picker/flags/gt.png"],"packages/country_code_picker/flags/gu.png":["packages/country_code_picker/flags/gu.png"],"packages/country_code_picker/flags/gw.png":["packages/country_code_picker/flags/gw.png"],"packages/country_code_picker/flags/gy.png":["packages/country_code_picker/flags/gy.png"],"packages/country_code_picker/flags/hk.png":["packages/country_code_picker/flags/hk.png"],"packages/country_code_picker/flags/hm.png":["packages/country_code_picker/flags/hm.png"],"packages/country_code_picker/flags/hn.png":["packages/country_code_picker/flags/hn.png"],"packages/country_code_picker/flags/hr.png":["packages/country_code_picker/flags/hr.png"],"packages/country_code_picker/flags/ht.png":["packages/country_code_picker/flags/ht.png"],"packages/country_code_picker/flags/hu.png":["packages/country_code_picker/flags/hu.png"],"packages/country_code_picker/flags/id.png":["packages/country_code_picker/flags/id.png"],"packages/country_code_picker/flags/ie.png":["packages/country_code_picker/flags/ie.png"],"packages/country_code_picker/flags/il.png":["packages/country_code_picker/flags/il.png"],"packages/country_code_picker/flags/im.png":["packages/country_code_picker/flags/im.png"],"packages/country_code_picker/flags/in.png":["packages/country_code_picker/flags/in.png"],"packages/country_code_picker/flags/io.png":["packages/country_code_picker/flags/io.png"],"packages/country_code_picker/flags/iq.png":["packages/country_code_picker/flags/iq.png"],"packages/country_code_picker/flags/ir.png":["packages/country_code_picker/flags/ir.png"],"packages/country_code_picker/flags/is.png":["packages/country_code_picker/flags/is.png"],"packages/country_code_picker/flags/it.png":["packages/country_code_picker/flags/it.png"],"packages/country_code_picker/flags/je.png":["packages/country_code_picker/flags/je.png"],"packages/country_code_picker/flags/jm.png":["packages/country_code_picker/flags/jm.png"],"packages/country_code_picker/flags/jo.png":["packages/country_code_picker/flags/jo.png"],"packages/country_code_picker/flags/jp.png":["packages/country_code_picker/flags/jp.png"],"packages/country_code_picker/flags/ke.png":["packages/country_code_picker/flags/ke.png"],"packages/country_code_picker/flags/kg.png":["packages/country_code_picker/flags/kg.png"],"packages/country_code_picker/flags/kh.png":["packages/country_code_picker/flags/kh.png"],"packages/country_code_picker/flags/ki.png":["packages/country_code_picker/flags/ki.png"],"packages/country_code_picker/flags/km.png":["packages/country_code_picker/flags/km.png"],"packages/country_code_picker/flags/kn.png":["packages/country_code_picker/flags/kn.png"],"packages/country_code_picker/flags/kp.png":["packages/country_code_picker/flags/kp.png"],"packages/country_code_picker/flags/kr.png":["packages/country_code_picker/flags/kr.png"],"packages/country_code_picker/flags/kw.png":["packages/country_code_picker/flags/kw.png"],"packages/country_code_picker/flags/ky.png":["packages/country_code_picker/flags/ky.png"],"packages/country_code_picker/flags/kz.png":["packages/country_code_picker/flags/kz.png"],"packages/country_code_picker/flags/la.png":["packages/country_code_picker/flags/la.png"],"packages/country_code_picker/flags/lb.png":["packages/country_code_picker/flags/lb.png"],"packages/country_code_picker/flags/lc.png":["packages/country_code_picker/flags/lc.png"],"packages/country_code_picker/flags/li.png":["packages/country_code_picker/flags/li.png"],"packages/country_code_picker/flags/lk.png":["packages/country_code_picker/flags/lk.png"],"packages/country_code_picker/flags/lr.png":["packages/country_code_picker/flags/lr.png"],"packages/country_code_picker/flags/ls.png":["packages/country_code_picker/flags/ls.png"],"packages/country_code_picker/flags/lt.png":["packages/country_code_picker/flags/lt.png"],"packages/country_code_picker/flags/lu.png":["packages/country_code_picker/flags/lu.png"],"packages/country_code_picker/flags/lv.png":["packages/country_code_picker/flags/lv.png"],"packages/country_code_picker/flags/ly.png":["packages/country_code_picker/flags/ly.png"],"packages/country_code_picker/flags/ma.png":["packages/country_code_picker/flags/ma.png"],"packages/country_code_picker/flags/mc.png":["packages/country_code_picker/flags/mc.png"],"packages/country_code_picker/flags/md.png":["packages/country_code_picker/flags/md.png"],"packages/country_code_picker/flags/me.png":["packages/country_code_picker/flags/me.png"],"packages/country_code_picker/flags/mf.png":["packages/country_code_picker/flags/mf.png"],"packages/country_code_picker/flags/mg.png":["packages/country_code_picker/flags/mg.png"],"packages/country_code_picker/flags/mh.png":["packages/country_code_picker/flags/mh.png"],"packages/country_code_picker/flags/mk.png":["packages/country_code_picker/flags/mk.png"],"packages/country_code_picker/flags/ml.png":["packages/country_code_picker/flags/ml.png"],"packages/country_code_picker/flags/mm.png":["packages/country_code_picker/flags/mm.png"],"packages/country_code_picker/flags/mn.png":["packages/country_code_picker/flags/mn.png"],"packages/country_code_picker/flags/mo.png":["packages/country_code_picker/flags/mo.png"],"packages/country_code_picker/flags/mp.png":["packages/country_code_picker/flags/mp.png"],"packages/country_code_picker/flags/mq.png":["packages/country_code_picker/flags/mq.png"],"packages/country_code_picker/flags/mr.png":["packages/country_code_picker/flags/mr.png"],"packages/country_code_picker/flags/ms.png":["packages/country_code_picker/flags/ms.png"],"packages/country_code_picker/flags/mt.png":["packages/country_code_picker/flags/mt.png"],"packages/country_code_picker/flags/mu.png":["packages/country_code_picker/flags/mu.png"],"packages/country_code_picker/flags/mv.png":["packages/country_code_picker/flags/mv.png"],"packages/country_code_picker/flags/mw.png":["packages/country_code_picker/flags/mw.png"],"packages/country_code_picker/flags/mx.png":["packages/country_code_picker/flags/mx.png"],"packages/country_code_picker/flags/my.png":["packages/country_code_picker/flags/my.png"],"packages/country_code_picker/flags/mz.png":["packages/country_code_picker/flags/mz.png"],"packages/country_code_picker/flags/na.png":["packages/country_code_picker/flags/na.png"],"packages/country_code_picker/flags/nc.png":["packages/country_code_picker/flags/nc.png"],"packages/country_code_picker/flags/ne.png":["packages/country_code_picker/flags/ne.png"],"packages/country_code_picker/flags/nf.png":["packages/country_code_picker/flags/nf.png"],"packages/country_code_picker/flags/ng.png":["packages/country_code_picker/flags/ng.png"],"packages/country_code_picker/flags/ni.png":["packages/country_code_picker/flags/ni.png"],"packages/country_code_picker/flags/nl.png":["packages/country_code_picker/flags/nl.png"],"packages/country_code_picker/flags/no.png":["packages/country_code_picker/flags/no.png"],"packages/country_code_picker/flags/np.png":["packages/country_code_picker/flags/np.png"],"packages/country_code_picker/flags/nr.png":["packages/country_code_picker/flags/nr.png"],"packages/country_code_picker/flags/nu.png":["packages/country_code_picker/flags/nu.png"],"packages/country_code_picker/flags/nz.png":["packages/country_code_picker/flags/nz.png"],"packages/country_code_picker/flags/om.png":["packages/country_code_picker/flags/om.png"],"packages/country_code_picker/flags/pa.png":["packages/country_code_picker/flags/pa.png"],"packages/country_code_picker/flags/pe.png":["packages/country_code_picker/flags/pe.png"],"packages/country_code_picker/flags/pf.png":["packages/country_code_picker/flags/pf.png"],"packages/country_code_picker/flags/pg.png":["packages/country_code_picker/flags/pg.png"],"packages/country_code_picker/flags/ph.png":["packages/country_code_picker/flags/ph.png"],"packages/country_code_picker/flags/pk.png":["packages/country_code_picker/flags/pk.png"],"packages/country_code_picker/flags/pl.png":["packages/country_code_picker/flags/pl.png"],"packages/country_code_picker/flags/pm.png":["packages/country_code_picker/flags/pm.png"],"packages/country_code_picker/flags/pn.png":["packages/country_code_picker/flags/pn.png"],"packages/country_code_picker/flags/pr.png":["packages/country_code_picker/flags/pr.png"],"packages/country_code_picker/flags/ps.png":["packages/country_code_picker/flags/ps.png"],"packages/country_code_picker/flags/pt.png":["packages/country_code_picker/flags/pt.png"],"packages/country_code_picker/flags/pw.png":["packages/country_code_picker/flags/pw.png"],"packages/country_code_picker/flags/py.png":["packages/country_code_picker/flags/py.png"],"packages/country_code_picker/flags/qa.png":["packages/country_code_picker/flags/qa.png"],"packages/country_code_picker/flags/re.png":["packages/country_code_picker/flags/re.png"],"packages/country_code_picker/flags/ro.png":["packages/country_code_picker/flags/ro.png"],"packages/country_code_picker/flags/rs.png":["packages/country_code_picker/flags/rs.png"],"packages/country_code_picker/flags/ru.png":["packages/country_code_picker/flags/ru.png"],"packages/country_code_picker/flags/rw.png":["packages/country_code_picker/flags/rw.png"],"packages/country_code_picker/flags/sa.png":["packages/country_code_picker/flags/sa.png"],"packages/country_code_picker/flags/sb.png":["packages/country_code_picker/flags/sb.png"],"packages/country_code_picker/flags/sc.png":["packages/country_code_picker/flags/sc.png"],"packages/country_code_picker/flags/sd.png":["packages/country_code_picker/flags/sd.png"],"packages/country_code_picker/flags/se.png":["packages/country_code_picker/flags/se.png"],"packages/country_code_picker/flags/sg.png":["packages/country_code_picker/flags/sg.png"],"packages/country_code_picker/flags/sh.png":["packages/country_code_picker/flags/sh.png"],"packages/country_code_picker/flags/si.png":["packages/country_code_picker/flags/si.png"],"packages/country_code_picker/flags/sj.png":["packages/country_code_picker/flags/sj.png"],"packages/country_code_picker/flags/sk.png":["packages/country_code_picker/flags/sk.png"],"packages/country_code_picker/flags/sl.png":["packages/country_code_picker/flags/sl.png"],"packages/country_code_picker/flags/sm.png":["packages/country_code_picker/flags/sm.png"],"packages/country_code_picker/flags/sn.png":["packages/country_code_picker/flags/sn.png"],"packages/country_code_picker/flags/so.png":["packages/country_code_picker/flags/so.png"],"packages/country_code_picker/flags/sr.png":["packages/country_code_picker/flags/sr.png"],"packages/country_code_picker/flags/ss.png":["packages/country_code_picker/flags/ss.png"],"packages/country_code_picker/flags/st.png":["packages/country_code_picker/flags/st.png"],"packages/country_code_picker/flags/sv.png":["packages/country_code_picker/flags/sv.png"],"packages/country_code_picker/flags/sx.png":["packages/country_code_picker/flags/sx.png"],"packages/country_code_picker/flags/sy.png":["packages/country_code_picker/flags/sy.png"],"packages/country_code_picker/flags/sz.png":["packages/country_code_picker/flags/sz.png"],"packages/country_code_picker/flags/tc.png":["packages/country_code_picker/flags/tc.png"],"packages/country_code_picker/flags/td.png":["packages/country_code_picker/flags/td.png"],"packages/country_code_picker/flags/tf.png":["packages/country_code_picker/flags/tf.png"],"packages/country_code_picker/flags/tg.png":["packages/country_code_picker/flags/tg.png"],"packages/country_code_picker/flags/th.png":["packages/country_code_picker/flags/th.png"],"packages/country_code_picker/flags/tj.png":["packages/country_code_picker/flags/tj.png"],"packages/country_code_picker/flags/tk.png":["packages/country_code_picker/flags/tk.png"],"packages/country_code_picker/flags/tl.png":["packages/country_code_picker/flags/tl.png"],"packages/country_code_picker/flags/tm.png":["packages/country_code_picker/flags/tm.png"],"packages/country_code_picker/flags/tn.png":["packages/country_code_picker/flags/tn.png"],"packages/country_code_picker/flags/to.png":["packages/country_code_picker/flags/to.png"],"packages/country_code_picker/flags/tr.png":["packages/country_code_picker/flags/tr.png"],"packages/country_code_picker/flags/tt.png":["packages/country_code_picker/flags/tt.png"],"packages/country_code_picker/flags/tv.png":["packages/country_code_picker/flags/tv.png"],"packages/country_code_picker/flags/tw.png":["packages/country_code_picker/flags/tw.png"],"packages/country_code_picker/flags/tz.png":["packages/country_code_picker/flags/tz.png"],"packages/country_code_picker/flags/ua.png":["packages/country_code_picker/flags/ua.png"],"packages/country_code_picker/flags/ug.png":["packages/country_code_picker/flags/ug.png"],"packages/country_code_picker/flags/um.png":["packages/country_code_picker/flags/um.png"],"packages/country_code_picker/flags/us.png":["packages/country_code_picker/flags/us.png"],"packages/country_code_picker/flags/uy.png":["packages/country_code_picker/flags/uy.png"],"packages/country_code_picker/flags/uz.png":["packages/country_code_picker/flags/uz.png"],"packages/country_code_picker/flags/va.png":["packages/country_code_picker/flags/va.png"],"packages/country_code_picker/flags/vc.png":["packages/country_code_picker/flags/vc.png"],"packages/country_code_picker/flags/ve.png":["packages/country_code_picker/flags/ve.png"],"packages/country_code_picker/flags/vg.png":["packages/country_code_picker/flags/vg.png"],"packages/country_code_picker/flags/vi.png":["packages/country_code_picker/flags/vi.png"],"packages/country_code_picker/flags/vn.png":["packages/country_code_picker/flags/vn.png"],"packages/country_code_picker/flags/vu.png":["packages/country_code_picker/flags/vu.png"],"packages/country_code_picker/flags/wf.png":["packages/country_code_picker/flags/wf.png"],"packages/country_code_picker/flags/ws.png":["packages/country_code_picker/flags/ws.png"],"packages/country_code_picker/flags/xk.png":["packages/country_code_picker/flags/xk.png"],"packages/country_code_picker/flags/ye.png":["packages/country_code_picker/flags/ye.png"],"packages/country_code_picker/flags/yt.png":["packages/country_code_picker/flags/yt.png"],"packages/country_code_picker/flags/za.png":["packages/country_code_picker/flags/za.png"],"packages/country_code_picker/flags/zm.png":["packages/country_code_picker/flags/zm.png"],"packages/country_code_picker/flags/zw.png":["packages/country_code_picker/flags/zw.png"],"packages/country_code_picker/i18n/af.json":["packages/country_code_picker/i18n/af.json"],"packages/country_code_picker/i18n/am.json":["packages/country_code_picker/i18n/am.json"],"packages/country_code_picker/i18n/ar.json":["packages/country_code_picker/i18n/ar.json"],"packages/country_code_picker/i18n/az.json":["packages/country_code_picker/i18n/az.json"],"packages/country_code_picker/i18n/be.json":["packages/country_code_picker/i18n/be.json"],"packages/country_code_picker/i18n/bg.json":["packages/country_code_picker/i18n/bg.json"],"packages/country_code_picker/i18n/bn.json":["packages/country_code_picker/i18n/bn.json"],"packages/country_code_picker/i18n/bs.json":["packages/country_code_picker/i18n/bs.json"],"packages/country_code_picker/i18n/ca.json":["packages/country_code_picker/i18n/ca.json"],"packages/country_code_picker/i18n/cs.json":["packages/country_code_picker/i18n/cs.json"],"packages/country_code_picker/i18n/da.json":["packages/country_code_picker/i18n/da.json"],"packages/country_code_picker/i18n/de.json":["packages/country_code_picker/i18n/de.json"],"packages/country_code_picker/i18n/el.json":["packages/country_code_picker/i18n/el.json"],"packages/country_code_picker/i18n/en.json":["packages/country_code_picker/i18n/en.json"],"packages/country_code_picker/i18n/es.json":["packages/country_code_picker/i18n/es.json"],"packages/country_code_picker/i18n/et.json":["packages/country_code_picker/i18n/et.json"],"packages/country_code_picker/i18n/fa.json":["packages/country_code_picker/i18n/fa.json"],"packages/country_code_picker/i18n/fi.json":["packages/country_code_picker/i18n/fi.json"],"packages/country_code_picker/i18n/fr.json":["packages/country_code_picker/i18n/fr.json"],"packages/country_code_picker/i18n/gl.json":["packages/country_code_picker/i18n/gl.json"],"packages/country_code_picker/i18n/ha.json":["packages/country_code_picker/i18n/ha.json"],"packages/country_code_picker/i18n/he.json":["packages/country_code_picker/i18n/he.json"],"packages/country_code_picker/i18n/hi.json":["packages/country_code_picker/i18n/hi.json"],"packages/country_code_picker/i18n/hr.json":["packages/country_code_picker/i18n/hr.json"],"packages/country_code_picker/i18n/hu.json":["packages/country_code_picker/i18n/hu.json"],"packages/country_code_picker/i18n/hy.json":["packages/country_code_picker/i18n/hy.json"],"packages/country_code_picker/i18n/id.json":["packages/country_code_picker/i18n/id.json"],"packages/country_code_picker/i18n/is.json":["packages/country_code_picker/i18n/is.json"],"packages/country_code_picker/i18n/it.json":["packages/country_code_picker/i18n/it.json"],"packages/country_code_picker/i18n/ja.json":["packages/country_code_picker/i18n/ja.json"],"packages/country_code_picker/i18n/ka.json":["packages/country_code_picker/i18n/ka.json"],"packages/country_code_picker/i18n/kk.json":["packages/country_code_picker/i18n/kk.json"],"packages/country_code_picker/i18n/km.json":["packages/country_code_picker/i18n/km.json"],"packages/country_code_picker/i18n/ko.json":["packages/country_code_picker/i18n/ko.json"],"packages/country_code_picker/i18n/ku.json":["packages/country_code_picker/i18n/ku.json"],"packages/country_code_picker/i18n/ky.json":["packages/country_code_picker/i18n/ky.json"],"packages/country_code_picker/i18n/lt.json":["packages/country_code_picker/i18n/lt.json"],"packages/country_code_picker/i18n/lv.json":["packages/country_code_picker/i18n/lv.json"],"packages/country_code_picker/i18n/mk.json":["packages/country_code_picker/i18n/mk.json"],"packages/country_code_picker/i18n/ml.json":["packages/country_code_picker/i18n/ml.json"],"packages/country_code_picker/i18n/mn.json":["packages/country_code_picker/i18n/mn.json"],"packages/country_code_picker/i18n/ms.json":["packages/country_code_picker/i18n/ms.json"],"packages/country_code_picker/i18n/nb.json":["packages/country_code_picker/i18n/nb.json"],"packages/country_code_picker/i18n/nl.json":["packages/country_code_picker/i18n/nl.json"],"packages/country_code_picker/i18n/nn.json":["packages/country_code_picker/i18n/nn.json"],"packages/country_code_picker/i18n/no.json":["packages/country_code_picker/i18n/no.json"],"packages/country_code_picker/i18n/pl.json":["packages/country_code_picker/i18n/pl.json"],"packages/country_code_picker/i18n/ps.json":["packages/country_code_picker/i18n/ps.json"],"packages/country_code_picker/i18n/pt.json":["packages/country_code_picker/i18n/pt.json"],"packages/country_code_picker/i18n/ro.json":["packages/country_code_picker/i18n/ro.json"],"packages/country_code_picker/i18n/ru.json":["packages/country_code_picker/i18n/ru.json"],"packages/country_code_picker/i18n/sd.json":["packages/country_code_picker/i18n/sd.json"],"packages/country_code_picker/i18n/sk.json":["packages/country_code_picker/i18n/sk.json"],"packages/country_code_picker/i18n/sl.json":["packages/country_code_picker/i18n/sl.json"],"packages/country_code_picker/i18n/so.json":["packages/country_code_picker/i18n/so.json"],"packages/country_code_picker/i18n/sq.json":["packages/country_code_picker/i18n/sq.json"],"packages/country_code_picker/i18n/sr.json":["packages/country_code_picker/i18n/sr.json"],"packages/country_code_picker/i18n/sv.json":["packages/country_code_picker/i18n/sv.json"],"packages/country_code_picker/i18n/ta.json":["packages/country_code_picker/i18n/ta.json"],"packages/country_code_picker/i18n/tg.json":["packages/country_code_picker/i18n/tg.json"],"packages/country_code_picker/i18n/th.json":["packages/country_code_picker/i18n/th.json"],"packages/country_code_picker/i18n/tr.json":["packages/country_code_picker/i18n/tr.json"],"packages/country_code_picker/i18n/tt.json":["packages/country_code_picker/i18n/tt.json"],"packages/country_code_picker/i18n/ug.json":["packages/country_code_picker/i18n/ug.json"],"packages/country_code_picker/i18n/uk.json":["packages/country_code_picker/i18n/uk.json"],"packages/country_code_picker/i18n/ur.json":["packages/country_code_picker/i18n/ur.json"],"packages/country_code_picker/i18n/uz.json":["packages/country_code_picker/i18n/uz.json"],"packages/country_code_picker/i18n/vi.json":["packages/country_code_picker/i18n/vi.json"],"packages/country_code_picker/i18n/zh.json":["packages/country_code_picker/i18n/zh.json"],"packages/country_pickers/assets/ad.png":["packages/country_pickers/assets/ad.png"],"packages/country_pickers/assets/ae.png":["packages/country_pickers/assets/ae.png"],"packages/country_pickers/assets/af.png":["packages/country_pickers/assets/af.png"],"packages/country_pickers/assets/ag.png":["packages/country_pickers/assets/ag.png"],"packages/country_pickers/assets/ai.png":["packages/country_pickers/assets/ai.png"],"packages/country_pickers/assets/al.png":["packages/country_pickers/assets/al.png"],"packages/country_pickers/assets/am.png":["packages/country_pickers/assets/am.png"],"packages/country_pickers/assets/an.png":["packages/country_pickers/assets/an.png"],"packages/country_pickers/assets/ao.png":["packages/country_pickers/assets/ao.png"],"packages/country_pickers/assets/aq.png":["packages/country_pickers/assets/aq.png"],"packages/country_pickers/assets/ar.png":["packages/country_pickers/assets/ar.png"],"packages/country_pickers/assets/as.png":["packages/country_pickers/assets/as.png"],"packages/country_pickers/assets/at.png":["packages/country_pickers/assets/at.png"],"packages/country_pickers/assets/au.png":["packages/country_pickers/assets/au.png"],"packages/country_pickers/assets/aw.png":["packages/country_pickers/assets/aw.png"],"packages/country_pickers/assets/ax.png":["packages/country_pickers/assets/ax.png"],"packages/country_pickers/assets/az.png":["packages/country_pickers/assets/az.png"],"packages/country_pickers/assets/ba.png":["packages/country_pickers/assets/ba.png"],"packages/country_pickers/assets/bb.png":["packages/country_pickers/assets/bb.png"],"packages/country_pickers/assets/bd.png":["packages/country_pickers/assets/bd.png"],"packages/country_pickers/assets/be.png":["packages/country_pickers/assets/be.png"],"packages/country_pickers/assets/bf.png":["packages/country_pickers/assets/bf.png"],"packages/country_pickers/assets/bg.png":["packages/country_pickers/assets/bg.png"],"packages/country_pickers/assets/bh.png":["packages/country_pickers/assets/bh.png"],"packages/country_pickers/assets/bi.png":["packages/country_pickers/assets/bi.png"],"packages/country_pickers/assets/bj.png":["packages/country_pickers/assets/bj.png"],"packages/country_pickers/assets/bl.png":["packages/country_pickers/assets/bl.png"],"packages/country_pickers/assets/bm.png":["packages/country_pickers/assets/bm.png"],"packages/country_pickers/assets/bn.png":["packages/country_pickers/assets/bn.png"],"packages/country_pickers/assets/bo.png":["packages/country_pickers/assets/bo.png"],"packages/country_pickers/assets/bq.png":["packages/country_pickers/assets/bq.png"],"packages/country_pickers/assets/br.png":["packages/country_pickers/assets/br.png"],"packages/country_pickers/assets/bs.png":["packages/country_pickers/assets/bs.png"],"packages/country_pickers/assets/bt.png":["packages/country_pickers/assets/bt.png"],"packages/country_pickers/assets/bv.png":["packages/country_pickers/assets/bv.png"],"packages/country_pickers/assets/bw.png":["packages/country_pickers/assets/bw.png"],"packages/country_pickers/assets/by.png":["packages/country_pickers/assets/by.png"],"packages/country_pickers/assets/bz.png":["packages/country_pickers/assets/bz.png"],"packages/country_pickers/assets/ca.png":["packages/country_pickers/assets/ca.png"],"packages/country_pickers/assets/cc.png":["packages/country_pickers/assets/cc.png"],"packages/country_pickers/assets/cd.png":["packages/country_pickers/assets/cd.png"],"packages/country_pickers/assets/cf.png":["packages/country_pickers/assets/cf.png"],"packages/country_pickers/assets/cg.png":["packages/country_pickers/assets/cg.png"],"packages/country_pickers/assets/ch.png":["packages/country_pickers/assets/ch.png"],"packages/country_pickers/assets/ci.png":["packages/country_pickers/assets/ci.png"],"packages/country_pickers/assets/ck.png":["packages/country_pickers/assets/ck.png"],"packages/country_pickers/assets/cl.png":["packages/country_pickers/assets/cl.png"],"packages/country_pickers/assets/cm.png":["packages/country_pickers/assets/cm.png"],"packages/country_pickers/assets/cn.png":["packages/country_pickers/assets/cn.png"],"packages/country_pickers/assets/co.png":["packages/country_pickers/assets/co.png"],"packages/country_pickers/assets/cr.png":["packages/country_pickers/assets/cr.png"],"packages/country_pickers/assets/cu.png":["packages/country_pickers/assets/cu.png"],"packages/country_pickers/assets/cv.png":["packages/country_pickers/assets/cv.png"],"packages/country_pickers/assets/cw.png":["packages/country_pickers/assets/cw.png"],"packages/country_pickers/assets/cx.png":["packages/country_pickers/assets/cx.png"],"packages/country_pickers/assets/cy.png":["packages/country_pickers/assets/cy.png"],"packages/country_pickers/assets/cz.png":["packages/country_pickers/assets/cz.png"],"packages/country_pickers/assets/de.png":["packages/country_pickers/assets/de.png"],"packages/country_pickers/assets/dj.png":["packages/country_pickers/assets/dj.png"],"packages/country_pickers/assets/dk.png":["packages/country_pickers/assets/dk.png"],"packages/country_pickers/assets/dm.png":["packages/country_pickers/assets/dm.png"],"packages/country_pickers/assets/do.png":["packages/country_pickers/assets/do.png"],"packages/country_pickers/assets/dz.png":["packages/country_pickers/assets/dz.png"],"packages/country_pickers/assets/ec.png":["packages/country_pickers/assets/ec.png"],"packages/country_pickers/assets/ee.png":["packages/country_pickers/assets/ee.png"],"packages/country_pickers/assets/eg.png":["packages/country_pickers/assets/eg.png"],"packages/country_pickers/assets/eh.png":["packages/country_pickers/assets/eh.png"],"packages/country_pickers/assets/er.png":["packages/country_pickers/assets/er.png"],"packages/country_pickers/assets/es.png":["packages/country_pickers/assets/es.png"],"packages/country_pickers/assets/et.png":["packages/country_pickers/assets/et.png"],"packages/country_pickers/assets/eu.png":["packages/country_pickers/assets/eu.png"],"packages/country_pickers/assets/fi.png":["packages/country_pickers/assets/fi.png"],"packages/country_pickers/assets/fj.png":["packages/country_pickers/assets/fj.png"],"packages/country_pickers/assets/fk.png":["packages/country_pickers/assets/fk.png"],"packages/country_pickers/assets/fm.png":["packages/country_pickers/assets/fm.png"],"packages/country_pickers/assets/fo.png":["packages/country_pickers/assets/fo.png"],"packages/country_pickers/assets/fr.png":["packages/country_pickers/assets/fr.png"],"packages/country_pickers/assets/ga.png":["packages/country_pickers/assets/ga.png"],"packages/country_pickers/assets/gb-eng.png":["packages/country_pickers/assets/gb-eng.png"],"packages/country_pickers/assets/gb-nir.png":["packages/country_pickers/assets/gb-nir.png"],"packages/country_pickers/assets/gb-sct.png":["packages/country_pickers/assets/gb-sct.png"],"packages/country_pickers/assets/gb-wls.png":["packages/country_pickers/assets/gb-wls.png"],"packages/country_pickers/assets/gb.png":["packages/country_pickers/assets/gb.png"],"packages/country_pickers/assets/gd.png":["packages/country_pickers/assets/gd.png"],"packages/country_pickers/assets/ge.png":["packages/country_pickers/assets/ge.png"],"packages/country_pickers/assets/gf.png":["packages/country_pickers/assets/gf.png"],"packages/country_pickers/assets/gg.png":["packages/country_pickers/assets/gg.png"],"packages/country_pickers/assets/gh.png":["packages/country_pickers/assets/gh.png"],"packages/country_pickers/assets/gi.png":["packages/country_pickers/assets/gi.png"],"packages/country_pickers/assets/gl.png":["packages/country_pickers/assets/gl.png"],"packages/country_pickers/assets/gm.png":["packages/country_pickers/assets/gm.png"],"packages/country_pickers/assets/gn.png":["packages/country_pickers/assets/gn.png"],"packages/country_pickers/assets/gp.png":["packages/country_pickers/assets/gp.png"],"packages/country_pickers/assets/gq.png":["packages/country_pickers/assets/gq.png"],"packages/country_pickers/assets/gr.png":["packages/country_pickers/assets/gr.png"],"packages/country_pickers/assets/gs.png":["packages/country_pickers/assets/gs.png"],"packages/country_pickers/assets/gt.png":["packages/country_pickers/assets/gt.png"],"packages/country_pickers/assets/gu.png":["packages/country_pickers/assets/gu.png"],"packages/country_pickers/assets/gw.png":["packages/country_pickers/assets/gw.png"],"packages/country_pickers/assets/gy.png":["packages/country_pickers/assets/gy.png"],"packages/country_pickers/assets/hk.png":["packages/country_pickers/assets/hk.png"],"packages/country_pickers/assets/hm.png":["packages/country_pickers/assets/hm.png"],"packages/country_pickers/assets/hn.png":["packages/country_pickers/assets/hn.png"],"packages/country_pickers/assets/hr.png":["packages/country_pickers/assets/hr.png"],"packages/country_pickers/assets/ht.png":["packages/country_pickers/assets/ht.png"],"packages/country_pickers/assets/hu.png":["packages/country_pickers/assets/hu.png"],"packages/country_pickers/assets/id.png":["packages/country_pickers/assets/id.png"],"packages/country_pickers/assets/ie.png":["packages/country_pickers/assets/ie.png"],"packages/country_pickers/assets/il.png":["packages/country_pickers/assets/il.png"],"packages/country_pickers/assets/im.png":["packages/country_pickers/assets/im.png"],"packages/country_pickers/assets/in.png":["packages/country_pickers/assets/in.png"],"packages/country_pickers/assets/io.png":["packages/country_pickers/assets/io.png"],"packages/country_pickers/assets/iq.png":["packages/country_pickers/assets/iq.png"],"packages/country_pickers/assets/ir.png":["packages/country_pickers/assets/ir.png"],"packages/country_pickers/assets/is.png":["packages/country_pickers/assets/is.png"],"packages/country_pickers/assets/it.png":["packages/country_pickers/assets/it.png"],"packages/country_pickers/assets/je.png":["packages/country_pickers/assets/je.png"],"packages/country_pickers/assets/jm.png":["packages/country_pickers/assets/jm.png"],"packages/country_pickers/assets/jo.png":["packages/country_pickers/assets/jo.png"],"packages/country_pickers/assets/jp.png":["packages/country_pickers/assets/jp.png"],"packages/country_pickers/assets/ke.png":["packages/country_pickers/assets/ke.png"],"packages/country_pickers/assets/kg.png":["packages/country_pickers/assets/kg.png"],"packages/country_pickers/assets/kh.png":["packages/country_pickers/assets/kh.png"],"packages/country_pickers/assets/ki.png":["packages/country_pickers/assets/ki.png"],"packages/country_pickers/assets/km.png":["packages/country_pickers/assets/km.png"],"packages/country_pickers/assets/kn.png":["packages/country_pickers/assets/kn.png"],"packages/country_pickers/assets/kp.png":["packages/country_pickers/assets/kp.png"],"packages/country_pickers/assets/kr.png":["packages/country_pickers/assets/kr.png"],"packages/country_pickers/assets/kw.png":["packages/country_pickers/assets/kw.png"],"packages/country_pickers/assets/ky.png":["packages/country_pickers/assets/ky.png"],"packages/country_pickers/assets/kz.png":["packages/country_pickers/assets/kz.png"],"packages/country_pickers/assets/la.png":["packages/country_pickers/assets/la.png"],"packages/country_pickers/assets/lb.png":["packages/country_pickers/assets/lb.png"],"packages/country_pickers/assets/lc.png":["packages/country_pickers/assets/lc.png"],"packages/country_pickers/assets/li.png":["packages/country_pickers/assets/li.png"],"packages/country_pickers/assets/lk.png":["packages/country_pickers/assets/lk.png"],"packages/country_pickers/assets/lr.png":["packages/country_pickers/assets/lr.png"],"packages/country_pickers/assets/ls.png":["packages/country_pickers/assets/ls.png"],"packages/country_pickers/assets/lt.png":["packages/country_pickers/assets/lt.png"],"packages/country_pickers/assets/lu.png":["packages/country_pickers/assets/lu.png"],"packages/country_pickers/assets/lv.png":["packages/country_pickers/assets/lv.png"],"packages/country_pickers/assets/ly.png":["packages/country_pickers/assets/ly.png"],"packages/country_pickers/assets/ma.png":["packages/country_pickers/assets/ma.png"],"packages/country_pickers/assets/mc.png":["packages/country_pickers/assets/mc.png"],"packages/country_pickers/assets/md.png":["packages/country_pickers/assets/md.png"],"packages/country_pickers/assets/me.png":["packages/country_pickers/assets/me.png"],"packages/country_pickers/assets/mf.png":["packages/country_pickers/assets/mf.png"],"packages/country_pickers/assets/mg.png":["packages/country_pickers/assets/mg.png"],"packages/country_pickers/assets/mh.png":["packages/country_pickers/assets/mh.png"],"packages/country_pickers/assets/mk.png":["packages/country_pickers/assets/mk.png"],"packages/country_pickers/assets/ml.png":["packages/country_pickers/assets/ml.png"],"packages/country_pickers/assets/mm.png":["packages/country_pickers/assets/mm.png"],"packages/country_pickers/assets/mn.png":["packages/country_pickers/assets/mn.png"],"packages/country_pickers/assets/mo.png":["packages/country_pickers/assets/mo.png"],"packages/country_pickers/assets/mp.png":["packages/country_pickers/assets/mp.png"],"packages/country_pickers/assets/mq.png":["packages/country_pickers/assets/mq.png"],"packages/country_pickers/assets/mr.png":["packages/country_pickers/assets/mr.png"],"packages/country_pickers/assets/ms.png":["packages/country_pickers/assets/ms.png"],"packages/country_pickers/assets/mt.png":["packages/country_pickers/assets/mt.png"],"packages/country_pickers/assets/mu.png":["packages/country_pickers/assets/mu.png"],"packages/country_pickers/assets/mv.png":["packages/country_pickers/assets/mv.png"],"packages/country_pickers/assets/mw.png":["packages/country_pickers/assets/mw.png"],"packages/country_pickers/assets/mx.png":["packages/country_pickers/assets/mx.png"],"packages/country_pickers/assets/my.png":["packages/country_pickers/assets/my.png"],"packages/country_pickers/assets/mz.png":["packages/country_pickers/assets/mz.png"],"packages/country_pickers/assets/na.png":["packages/country_pickers/assets/na.png"],"packages/country_pickers/assets/nc.png":["packages/country_pickers/assets/nc.png"],"packages/country_pickers/assets/ne.png":["packages/country_pickers/assets/ne.png"],"packages/country_pickers/assets/nf.png":["packages/country_pickers/assets/nf.png"],"packages/country_pickers/assets/ng.png":["packages/country_pickers/assets/ng.png"],"packages/country_pickers/assets/ni.png":["packages/country_pickers/assets/ni.png"],"packages/country_pickers/assets/nl.png":["packages/country_pickers/assets/nl.png"],"packages/country_pickers/assets/no.png":["packages/country_pickers/assets/no.png"],"packages/country_pickers/assets/np.png":["packages/country_pickers/assets/np.png"],"packages/country_pickers/assets/nr.png":["packages/country_pickers/assets/nr.png"],"packages/country_pickers/assets/nu.png":["packages/country_pickers/assets/nu.png"],"packages/country_pickers/assets/nz.png":["packages/country_pickers/assets/nz.png"],"packages/country_pickers/assets/om.png":["packages/country_pickers/assets/om.png"],"packages/country_pickers/assets/pa.png":["packages/country_pickers/assets/pa.png"],"packages/country_pickers/assets/pe.png":["packages/country_pickers/assets/pe.png"],"packages/country_pickers/assets/pf.png":["packages/country_pickers/assets/pf.png"],"packages/country_pickers/assets/pg.png":["packages/country_pickers/assets/pg.png"],"packages/country_pickers/assets/ph.png":["packages/country_pickers/assets/ph.png"],"packages/country_pickers/assets/pk.png":["packages/country_pickers/assets/pk.png"],"packages/country_pickers/assets/pl.png":["packages/country_pickers/assets/pl.png"],"packages/country_pickers/assets/pm.png":["packages/country_pickers/assets/pm.png"],"packages/country_pickers/assets/pn.png":["packages/country_pickers/assets/pn.png"],"packages/country_pickers/assets/pr.png":["packages/country_pickers/assets/pr.png"],"packages/country_pickers/assets/ps.png":["packages/country_pickers/assets/ps.png"],"packages/country_pickers/assets/pt.png":["packages/country_pickers/assets/pt.png"],"packages/country_pickers/assets/pw.png":["packages/country_pickers/assets/pw.png"],"packages/country_pickers/assets/py.png":["packages/country_pickers/assets/py.png"],"packages/country_pickers/assets/qa.png":["packages/country_pickers/assets/qa.png"],"packages/country_pickers/assets/re.png":["packages/country_pickers/assets/re.png"],"packages/country_pickers/assets/ro.png":["packages/country_pickers/assets/ro.png"],"packages/country_pickers/assets/rs.png":["packages/country_pickers/assets/rs.png"],"packages/country_pickers/assets/ru.png":["packages/country_pickers/assets/ru.png"],"packages/country_pickers/assets/rw.png":["packages/country_pickers/assets/rw.png"],"packages/country_pickers/assets/sa.png":["packages/country_pickers/assets/sa.png"],"packages/country_pickers/assets/sb.png":["packages/country_pickers/assets/sb.png"],"packages/country_pickers/assets/sc.png":["packages/country_pickers/assets/sc.png"],"packages/country_pickers/assets/sd.png":["packages/country_pickers/assets/sd.png"],"packages/country_pickers/assets/se.png":["packages/country_pickers/assets/se.png"],"packages/country_pickers/assets/sg.png":["packages/country_pickers/assets/sg.png"],"packages/country_pickers/assets/sh.png":["packages/country_pickers/assets/sh.png"],"packages/country_pickers/assets/si.png":["packages/country_pickers/assets/si.png"],"packages/country_pickers/assets/sj.png":["packages/country_pickers/assets/sj.png"],"packages/country_pickers/assets/sk.png":["packages/country_pickers/assets/sk.png"],"packages/country_pickers/assets/sl.png":["packages/country_pickers/assets/sl.png"],"packages/country_pickers/assets/sm.png":["packages/country_pickers/assets/sm.png"],"packages/country_pickers/assets/sn.png":["packages/country_pickers/assets/sn.png"],"packages/country_pickers/assets/so.png":["packages/country_pickers/assets/so.png"],"packages/country_pickers/assets/sr.png":["packages/country_pickers/assets/sr.png"],"packages/country_pickers/assets/ss.png":["packages/country_pickers/assets/ss.png"],"packages/country_pickers/assets/st.png":["packages/country_pickers/assets/st.png"],"packages/country_pickers/assets/sv.png":["packages/country_pickers/assets/sv.png"],"packages/country_pickers/assets/sx.png":["packages/country_pickers/assets/sx.png"],"packages/country_pickers/assets/sy.png":["packages/country_pickers/assets/sy.png"],"packages/country_pickers/assets/sz.png":["packages/country_pickers/assets/sz.png"],"packages/country_pickers/assets/tc.png":["packages/country_pickers/assets/tc.png"],"packages/country_pickers/assets/td.png":["packages/country_pickers/assets/td.png"],"packages/country_pickers/assets/tf.png":["packages/country_pickers/assets/tf.png"],"packages/country_pickers/assets/tg.png":["packages/country_pickers/assets/tg.png"],"packages/country_pickers/assets/th.png":["packages/country_pickers/assets/th.png"],"packages/country_pickers/assets/tj.png":["packages/country_pickers/assets/tj.png"],"packages/country_pickers/assets/tk.png":["packages/country_pickers/assets/tk.png"],"packages/country_pickers/assets/tl.png":["packages/country_pickers/assets/tl.png"],"packages/country_pickers/assets/tm.png":["packages/country_pickers/assets/tm.png"],"packages/country_pickers/assets/tn.png":["packages/country_pickers/assets/tn.png"],"packages/country_pickers/assets/to.png":["packages/country_pickers/assets/to.png"],"packages/country_pickers/assets/tr.png":["packages/country_pickers/assets/tr.png"],"packages/country_pickers/assets/tt.png":["packages/country_pickers/assets/tt.png"],"packages/country_pickers/assets/tv.png":["packages/country_pickers/assets/tv.png"],"packages/country_pickers/assets/tw.png":["packages/country_pickers/assets/tw.png"],"packages/country_pickers/assets/tz.png":["packages/country_pickers/assets/tz.png"],"packages/country_pickers/assets/ua.png":["packages/country_pickers/assets/ua.png"],"packages/country_pickers/assets/ug.png":["packages/country_pickers/assets/ug.png"],"packages/country_pickers/assets/um.png":["packages/country_pickers/assets/um.png"],"packages/country_pickers/assets/us.png":["packages/country_pickers/assets/us.png"],"packages/country_pickers/assets/uy.png":["packages/country_pickers/assets/uy.png"],"packages/country_pickers/assets/uz.png":["packages/country_pickers/assets/uz.png"],"packages/country_pickers/assets/va.png":["packages/country_pickers/assets/va.png"],"packages/country_pickers/assets/vc.png":["packages/country_pickers/assets/vc.png"],"packages/country_pickers/assets/ve.png":["packages/country_pickers/assets/ve.png"],"packages/country_pickers/assets/vg.png":["packages/country_pickers/assets/vg.png"],"packages/country_pickers/assets/vi.png":["packages/country_pickers/assets/vi.png"],"packages/country_pickers/assets/vn.png":["packages/country_pickers/assets/vn.png"],"packages/country_pickers/assets/vu.png":["packages/country_pickers/assets/vu.png"],"packages/country_pickers/assets/wf.png":["packages/country_pickers/assets/wf.png"],"packages/country_pickers/assets/ws.png":["packages/country_pickers/assets/ws.png"],"packages/country_pickers/assets/xk.png":["packages/country_pickers/assets/xk.png"],"packages/country_pickers/assets/ye.png":["packages/country_pickers/assets/ye.png"],"packages/country_pickers/assets/yt.png":["packages/country_pickers/assets/yt.png"],"packages/country_pickers/assets/za.png":["packages/country_pickers/assets/za.png"],"packages/country_pickers/assets/zm.png":["packages/country_pickers/assets/zm.png"],"packages/country_pickers/assets/zw.png":["packages/country_pickers/assets/zw.png"],"packages/cupertino_icons/assets/CupertinoIcons.ttf":["packages/cupertino_icons/assets/CupertinoIcons.ttf"],"packages/emoji_dialog_picker/assets/emojis/activity.json":["packages/emoji_dialog_picker/assets/emojis/activity.json"],"packages/emoji_dialog_picker/assets/emojis/animals_and_nature.json":["packages/emoji_dialog_picker/assets/emojis/animals_and_nature.json"],"packages/emoji_dialog_picker/assets/emojis/emojis.json":["packages/emoji_dialog_picker/assets/emojis/emojis.json"],"packages/emoji_dialog_picker/assets/emojis/flags.json":["packages/emoji_dialog_picker/assets/emojis/flags.json"],"packages/emoji_dialog_picker/assets/emojis/food_and_drink.json":["packages/emoji_dialog_picker/assets/emojis/food_and_drink.json"],"packages/emoji_dialog_picker/assets/emojis/objects.json":["packages/emoji_dialog_picker/assets/emojis/objects.json"],"packages/emoji_dialog_picker/assets/emojis/people.json":["packages/emoji_dialog_picker/assets/emojis/people.json"],"packages/emoji_dialog_picker/assets/emojis/symbols.json":["packages/emoji_dialog_picker/assets/emojis/symbols.json"],"packages/emoji_dialog_picker/assets/emojis/travel_and_places.json":["packages/emoji_dialog_picker/assets/emojis/travel_and_places.json"],"packages/eva_icons_flutter/lib/fonts/Eva-Icons.ttf":["packages/eva_icons_flutter/lib/fonts/Eva-Icons.ttf"],"packages/fluttertoast/assets/toastify.css":["packages/fluttertoast/assets/toastify.css"],"packages/fluttertoast/assets/toastify.js":["packages/fluttertoast/assets/toastify.js"],"packages/font_awesome_flutter/lib/fonts/fa-brands-400.ttf":["packages/font_awesome_flutter/lib/fonts/fa-brands-400.ttf"],"packages/font_awesome_flutter/lib/fonts/fa-regular-400.ttf":["packages/font_awesome_flutter/lib/fonts/fa-regular-400.ttf"],"packages/font_awesome_flutter/lib/fonts/fa-solid-900.ttf":["packages/font_awesome_flutter/lib/fonts/fa-solid-900.ttf"]}