{
    "response_templates": [
        {
            "id": 147,
            "name": "Test999 updated",
            "text": "Test message updated",
            "updated_date": "2021-05-26T06:21:37",
            "center_id": "4257cd7c-2134-45d7-91f5-e616dbb04994",
            "created_date": "2021-05-26T06:21:14",
            "is_org": true,
            "type": 1
        },
        {
            "id": 146,
            "name": "Test2",
            "text": "Test message2",
            "updated_date": "2021-05-26T06:19:12",
            "center_id": "4257cd7c-2134-45d7-91f5-e616dbb04994",
            "created_date": "2021-05-26T06:19:12",
            "is_org": false,
            "type": 1
        },
        {
            "id": 145,
            "name": "Test999 updated",
            "text": "Test message updated",
            "updated_date": "2021-05-25T12:13:42",
            "center_id": "4257cd7c-2134-45d7-91f5-e616dbb04994",
            "created_date": "2021-05-25T12:11:17",
            "is_org": true,
            "type": 1
        }
    ],
    "page_info": {
        "total": 3,
        "page": 1,
        "size": 10
    },
    "error": null
}