{
    "autoresponder": "Autoresponder",
    "bot_autoresponder": "Bot Autoresponder",
    "emojis":"Emojis",
    "chat": "Messages",
    "saved_reponses": "Saved Responses",
    "user_management": "User Management",
    "voice": "Voice",
    "settings": "Settings",
    "switchUI": "Switch",
    "app_title": "Zenoti ezConnect",
    "app_logo": "ezConnect",
    "mark_unread": "Mark as Unread",
    "pin_chat": "Pin Chat",
    "view_profile": "View Profile",
    "see_older": "SEE OLDER",
    "last_week": "Last 1 week",
    "last_month": "Last 1 month",
    "last_three_months": "Last 3 months",
    "entire_history": "Entire history",
    "use_this": "Use this",
    "saved_responses": "Saved Responses",
    "search_guest_hint": "Search by name or phone number",
    "send_msg_hint": "Type message here",
    "notificationsound": "Notification Sounds",
    "desktopnotification": "Desktop Notifications",
    "saved_responses_infotext": "There are no saved responses. Click on Create Saved Response button to create.",
    "create_saved_response": "Create Saved Response",
    "newguest_code_title": "Create new guest",
    "newguest_code_subttitle": "Enter details below to create new guest",
    "newguest_code": "Code",
    "newguest_first_name": "*First Name",
    "newguest_last_name": "*Last Name",
    "newguest_email": "*Email",
    "newguest_email_notmandatory": "Email",
    "newguest_Phone_number": "*Phone Number",
    "newguest_select_gender": "*Select Gender",
    "newguest_male": "Male",
    "newguest_female": "Female",
    "newguest_other": "Others",
    "newguest_referral": "*Referral",
    "newguest_referral_not": "Referral",
    "newguest_cancel_button": "Cancel",
    "newguest_create_new_button": "Create Guest",
    "newguest_Required": "Required",
    "newguest_birthday": "*Birthday",
    "newguest_nationality": "*Nationality",
    "newguest_address1": "*Address 1",
    "newguest_country": "*Country",
    "newguest_state": "*State",
    "newguest_city": "*City",
    "newguest_pincode": "*PIN Code",
    "newguest_minor": "This guest is a minor",
    "newguest_fname_required": "Invalid first name",
    "newguest_lname_required": "Invalid last name",
    "newguest_referedby_selection": "Choose the item from the list",
    "newguest_invalidemail": "Invalid email",
    "newguest_exist_email": "Email already exist",
    "newguest_exist_email_popup_text": "Another email account with same address is exist. Are you sure want to continue ?",
    "newguest_invali_format": "Invalid email format",
    "newguest_invalid_number": "Invalid number",
    "newguest_string_error": "Input should be in string format",
    "newguest_select_validation": "Please select the gender",
    "guest_exist_phone_popup_text": "Another account with same phone number exists. Are you sure want to continue ?",
    "editguest_first_name": "*First Name",
    "editguest_last_name": "*Last Name",
    "editguest_email": "Email",
    "editguest_Phone_number": "Phone Number",
    "ref_by": "Referred By",
    "primary_employee": "Primary employee",
    "delete": "Delete",
    "edit": "Edit",
    "profile_hyperlink_text": "View Complete Profile",
    "available_Channels": "Channels",
    "available_Channels_tooltip": "Communication channels opted in by the guest",
    "sms": "SMS",
    "appointments": "Appointments",
    "notes": "Notes",
    "channels": "Channels",
    "files": "Files",
    "no_appointments": "No Appointments",
    "upcoming_and_past": "Upcoming and past",
    "upcoming": "Upcoming",
    "past": "Past",
    "no_upcoming_appointments": "No upcoming appointments",
    "no_past_appointments": "No past appointments",
    "notes_tooltip": "Top 10 notes are displayed",
    "no_notes": "No Notes",
    "view_all_appointments": "View all appointments",
    "view_all_notes": "View all notes",
    "add_notes": "Add notes",
    "select_notes_type": "Select Notes Type",
    "add_view_notes":"Add and View notes",
    "empty_notes_field": "Fields are Empty",
    "memberships": "Memberships",
    "active_and_expired": "Active and expired",
    "active": "Active",
    "expired": "Expired",
    "no_active_membership": "No active memberships",
    "no_expired_membership": "No expired memberships",
    "redeemable": "redeemable",
    "total": "total",
    "valid_till": "Valid till",
    "expired_on": "Expired on",
    "view_all_membership": "View all memberships",
    "manage": "Manage",
    "edit_profile_details": "Edit Profile Details",
    "saved_changes_header": "Changes saved",
    "see_more": "See More",
    "sr_title_Create_new_saved_responses": "Create new Saved Response",
    "sr_title_edit_new_saved_responses": "Edit Saved Response",
    "sr_delete_response": "Delete Saved Response",
    "sr_delete_response_subheader": "Selected saved response(s) will be deleted. This action cannot be undone.",
    "sr_make_saved_responses_available": "Enable this saved response for",
    "select_macro": "Select Macros",
    "select_macro_hint": "Search Macros",
    "user_macro": "Macros",
    "sr_title_lable": "Title",
    "sr_message_lable": "Description",
    "sr_message_hint": "Enter description here",
    "sr_btn_create_new": "Create New",
    "sr_btn_cancel": "Cancel",
    "sr_radio_center": "Center",
    "sr_radio_org": "Organization",
    "sr_chat_tooltip": "Saved Responses",
    "saved_response_search_hint": "Search Saved Responses",
    "no_user_convo_msg": "Search or select a guest to begin a conversation",
    "no_guest_msg": "Currently there are no guests to start conversation with",
    "date": "Modified",
    "created": "Created",
    "a_z": "A to Z",
    "z_a": "Z to A",
    "sure_to_delete": "Are you sure you want to delete?",
    "alert_yes": "Yes",
    "alert_no": "No",
    "create_for_organisation": "Create for organisation",
    "us_sure_to_proceed": "Are you sure you want to proceed?",
    "us_required": "Required",
    "us_update": "Update",
    "us_create_org_subheader": "The saved response(s) will be available to all users across all locations",
    "delete_multiple_response": "Delete",
    "search_saved_responses": "Search Saved Responses",
    "responsepage_header_text": "Manage Saved Responses",
    "create_new_btn": "Create new",
    "created_on:": "Created on",
    "settings_page_header": "Configure your settings",
    "general_settings": "General Settings",
    "general_settings_config_text": "Configure settings for all users",
    "user_settings_config_text": "Configure your personalised settings",
    "user_settings": "User Settings",
    "us_recieve_alert_sound": "Receive an alert sound for a new incoming message",
    "us_recieve_alert_denotif": "Receive a desktop notification for a new incoming message",
    "us_grant_enblenotif": "Grant permissions to your browser before enabling notifications.",
    "us_read_more": "Read more",
    "us_save": "Save",
    "us_notif_keyword": "My keywords",
    "us_enter_uptokey": "Enter up to 5 keywords. The keyword will be highlighted in conversations",
    "us_add_keyword": "Add keyword or phrase",
    "us_alert_onkey": "Receive an alert sound when an incoming message has a keyword",
    "us_alert_desk_onkey": "Receive a desktop notification when an incoming message has a keyword",
    "us_keyword_pri_conv": "Keywords can help you prioritize your conversations.",
    "phone_number": "Phone number",
    "whatsapp_number": "WhatsApp number",
    "sms_number": "SMS number",
    "read_only": "Read only",
    "autoresponder_subtext": "Send automatic reply to incoming messages after business hours and on holidays",
    "autoresponder_richtext": "Enter Autoresponder message...",
    "botautoresponder_subtext": "Send automatic reply when customer requests to connect to agent from SmartBot",
    "general_settings_autoresponder_error_msg": "Autoresponder text cannot be empty when autoresponder is turned on",
    "confirmation_keyword_header": "Confirmation keywords",
    "confirmation_keyword_sub_header": "Add upto 5 keywords for appointment confirmations",
    "confirmation_keyword_hint": "Keywords to confirm appointment",
    "confirmation_keyword_tooltipMessage": "Appointments will be confirmed when users reply \nwith one of these keywords. Macro should be \nconfigured in appointment confirmation notification",
    "cancellation_keyword_header": "Cancellation Keyword",
    "cancellation_keyword_sub_header": "Add a keyword for guests to cancel their appointment",
    "cancellation_keyword_hint": "Keyword to cancel appointment",
    "unsubscribe_keyword_header": "Opt-out keywords",
    "unsubscribe_keyword_sub_header": "Add a keyword for guests to opt out of receiving transactional messages",
    "unsubscribe_keyword_hint": "Keywords to unsubscribe",
    "unsubscribe_text_info": "Unsubscribe guest from receiving transactional messages when they send the keyword in a message",
    "user_management_header_text": "Configure role based permission",
    "unsubscribe_tooltipMessage": "Users will be opted out of receiving transactional \nmessages when they reply with this keyword. Macro \nshould be configured in  notification settings at Org level",
    "cancellation_tooltipMessage": "Appointment will be cancelled when user replies with \nthis keyword. Macro should be configured in \nappointment notifications",
    "role_dropdown_label": "Role",
    "role_dropdown_hint": "Select a role",
    "role_dropdown_info": "Select a role to start configuring role based permissions",
    "access_header": "Access",
    "access_enable_text": "Access to ezConnect",
    "access_enable_sub_text": "",
    "enable_all_enable_text": "Enable all permissions",
    "enable_all_enable_sub_text": "Enable permissions for all settings in one click",
    "guest_header": "Guests",
    "guest_mask_contact_info_text": "Show contact info",
    "guest_mask_contact_info_sub_text": "Enable to show guest email & phone number",
    "guest_view_guest_profile_text": "View guest profile",
    "guest_view_guest_profile_sub_text": "Enable to view guest profile",
    "messages_header": "Messages",
    "messages_send_text": "Send message",
    "messages_send_sub_text": "Disabling will allow user to only view messages",
    "saved_responses_header": "Saved Responses",
    "saved_responses_send_text": "Send saved responses",
    "saved_responses_send_sub_text": "Enable to allow users to send saved responses",
    "saved_responses_create_&_edit_text": "Create and edit",
    "saved_responses_create_&_edit_sub_text": "Enable to allow users to manage saved responses",
    "ezconnect_reports_header": "Analytics",
    "ezconnect_reports_enable_text": "View",
    "ezconnect_reports_enable_sub_text": "Enable to allow users to view analytics",

    "ezconnect_voice_header": "Voice",
    "ezconnect_voice_enable_outgoing_calls_text": "Make outgoing call",
    "ezconnect_voice_enable_outgoing_calls_sub_text": "Enable to allow users to make a outgoing call",
    "ezconnect_voice_enable_incoming_calls_text": "Receive incoming call",
    "ezconnect_voice_enable_incoming_calls_sub_text": "Enable to allow users to receive incoming call",
    "call_history": "Call History",
    "all": "All",
    "incoming": "Incoming",
    "outgoing": "Outgoing",
    "missed": "Missed",
    "call_notification": "Ongoing call with ",
    "no_call_history": "No call history",
    
    "ok_button_text": "Ok",
    "cancel_button_text": "Cancel",
    "save_button_text": "Save",
    "yes_button_text": "Yes",
    "no_button_text": "No",
    "confirm_permission_header": "Confirm permission",
    "view_only_access": "Selected role will have access only to view guest messages",
    "confirm_proceed": "Are you sure you want to proceed?",
    "prohibitedWords_permission_header": "Invalid Keyword",
    "prohibitedWords_description": "You cannot use STOP, STOPALL, UNSUBSCRIBE, CANCEL, END, and QUIT as a keyword.",
    "prohibitedWords_accept": "Please try ‘X’, ‘Yes’ instead",
    "unsaved_changes_header": "Changes not saved",
    "role_config_not_saved_message": "Role configuration changes not saved. All the changes will be lost.",
    "role_config_confirm_proceed": "Are you sure you want to proceed without saving?",
    "general_setting_config_not_saved_message": "General Setting changes not saved. All the changes will be lost.",
    "user_setting_config_not_saved_message": "User Setting changes not saved. All the changes will be lost.",
    "dismiss_button_text": "Dismiss",
    "max_limit_message_confirmation_words": "You have reached the maximum limit of 5 keywords",
    "max_limit_message_unsubscribe_word": "You can add only 1 key to unsubscribe",
    "max_limit_message_cancellation_word": "You can add only 1 key to cancel appointment",
    "max_limit_message_notification_words": "You have reached the maximum limit of 5 keywords",
    "select_all_tooltip": "Select All",
    "sort_by": "Sort by",
    "no_send_message_permission": "You do not have permission to send messages",
    "duplicate_keyword": "The keyword you are trying to add already exists",
    "no_results_found": "No results found",
    "no_sms_send_header": "Message not sent",
    "no_sms_send_subtext": "The message was not sent. This maybe due to one of the below reasons, \n  •  Incorrect phone number or format \n  •  Activate text message(SMS) is disabled at org level\n       settings",
    "macros_not_expanded_reason" : "•  This message could not be sent due to non-expanded\n       macros included in the message",
    "no_sms_send_confirmtext": "Please check and contact Zenoti support if the issue persists.",
    "settings_saved": "Settings saved successfully",
    "org_label": "ORG",
    "center_label": "CEN",
    "delete_action_tooltip": "Delete Saved Response",
    "delete_other_center_saved_response": "You can not delete other center's response",
    "delete_org_level_saved_response": "You can not delete org level responses",
    "edit_action_tooltip": "Edit Saved Response",
    "edit_org_level_saved_response": "You can not edit org level responses",
    "searching": "Searching...",
    "min_three_characters": "Minimum 3 characters required",
    "error_string": "Error",
    "error_string_on_API_call": "Something went wrong! please try again",
    "switch_new_UI_title": "Welcome to",
    "switch_new_UI_sub_title": "Discover a fresh look with brand new features and an improved experience.",
    "switch_new_UI_header": "Want to switch back?",
    "switch_new_UI_sub_header": "Return to old interface anytime by clicking here",
    "switch_new_UI_submit_button": "Got it",
    "feedback_title": "We'd love your feedback",
    "feedback_sub_title": "Tell us why you want to switch?",
    "feedback_radio_button1": "Can’t find what I’m looking for",
    "feedback_radio_button2": "It makes it harder to do my job",
    "feedback_radio_button3": "I was just curious to check it out, but not ready to make the switch",
    "feedback_radio_button4": "Too many bugs",
    "feedback_radio_button5": "Others",
    "feedback_textbox_header": "What can we change to improve the experience?",
    "feedback_textbox_hint": "Enter your comments...",
    "feedback_cancel_button": "Cancel",
    "feedback_submit_button": "Submit & Switch",
    "sms_channel": "SMS",
    "whatsapp_channel": "WhatsApp",
    "mms_channel": "MMS",
    "receive_transactional_messages": "Receive transactional messages",
    "receive_notifications": "Receive notifications",
    "request_consent": "Request Consent",
    "resend": "Resend",
    "not_opted": "Not opted",
    "opted_in": "Opted in",
    "awaiting_consent": "Awaiting consent",
    "sms_opt_out": "SMS Opt out",
    "whatsapp_opt_out": "WhatsApp Opt out",
    "opt_out_button_label": "Opt out",
    "not_now_button_label": "Not Now",
    "opt_out_message": "The guest will not receive transactional \nmessages once opted out.\n\nAre you sure you want to opt out guest?",
    "whatsapp_opt_out_message": "The guest will not receive notification messages once opted out.\n\nAre you sure you want to opt out guest?",
    "profile_icomplete": "Guest Profile Incomplete",
    "profile_icomplete_message": "There are some mandatory details missing.\nPlease update the details in guest profile\nbefore changing opt in preferences.",
    "update_profile_button_label": "Update Profile",
    "edit_guest_alert": "Alert !!!",
    "edit_profile_error_message":"Guest details couldnot be updated due to following reasons,\n\n•  #placeholder1#\n•  Please update the details in guest profile",
    "edit_guest_navigate": "Go to Guest Profile",
    "error": "Error",
    "request_consent_success": "Consent requested successfully",
    "guest_opted_out_trans_msg_sms": "The Guest has not consented to receiving any transactional texts/notifications.",
    "guest_opted_out_trans_msg_wp": "Guest opted out of receiving any transactional whatsApp Messages.",
    "guest_changed_number": "Guest has changed to a mobile number with different country code",
    "guest_has_no_number": "Guest does not have a mobile number",
    "no_sms_balance_contact_zenoti": "You do not have SMS balance to send messages. Contact Zenoti Support to recharge.",
    "respond_on_sms": "You can respond to the customer on the SMS channel",
    "no_wp_balance_contact_zenoti": "You do not have WhatsApp balance to send messages. Contact Zenoti Support to recharge.",
    "wp_msg_only_in_reponse_incomming_msg": "WhatsApp Messages can be sent only in response to an incoming message.",
    "replying_restricted_by_wp": "Replying to this message is restricted by WhatsApp.",
    "replying_restricted_by_wp_with_template": "Replying to this message is restricted by WhatsApp. Use WhatsApp template messages.",
    "first_time_msg_send_msg": "You are messaging [NAME] for the first time!",
    "wp_template_choose": "Choose template",
    "wp_template": "WhatsApp Template",
    "wp_convvo_conversation_restart": "Conversation Restart",
    "wp_timer_msg": "You will not be able to respond to this message after ",
    "wp_timer_msg_minutes": "minute(s)",
    "reset_button_text": "Reset",
    "msg_failed": "Failed",
    "msg_delivered": "Delivered",
    "msg_read": "Read",
    "no_unread_msg": "There are no unread messages",
    "no_read_msg": "There are no read conversation",
    "optin_different_center_error": "Guest cannot be opted from this center\nPlease try from the guest's base center.",
    "files_header_string": "You can see only files within past 30 days from today.",
    "preview_download_error": "Download error, please try again",
    "preview_message": "No preview available, please download to view",
    "preview_download": "Download",
    "no_whatsapp_alert_msg": "There are no expiring WhatsApp conversations",
    "no_blocked_alert_msg": "There are no blocked conversations",
    "character_count_string": "Will be sent as",
    "character_count_sms": "SMSes",
    "autoresponder_confirmation_header": "Autoresponder confirmation",
    "autoresponder_confirmation_body": "Auto replies will not be sent if autoresponder is turned off. You can turn it on to send auto replies again.",
    "autoresponder_confirmation_body_subtitle": "Are you sure you want to turn off?",
    "attachement_tooltip": "Attach",
    "max_size_limit": "Please select attachment less than #placeholder1# MB",
    "extension_not_supported": "Files of type #placeholder1# are not supported",
    "max_attachment_count": "A maximum of #placeholder1# attachments can be sent per message.",
    "max_file_size_limit": "Please select an attachment less than #placeholder2# for #placeholder1# files",
    "file_not_attached_header": "File could not be attached",
    "file_not_attached_sub_text": "#placeholder1# could not be attached due to some issue. Please try again",
    "message_not_sent": "Message could not be sent because of the following reasons , ",
    "message_not_sent_header": "Message could not be sent",
    "could_not_sent": " could not be sent",
    "file_not_sent_header": "File could not sent",
    "try_again": "Please try again",
    "file_exists": "File with name #placeholder1# already exists",
    "file_exists_header": "File already exists",
    "file_exists_confirmation": "Would you like to keep both?",
    "no_files_exchanged": "No files exchanged",
    "images_with_other_file_error": "Image(s) cannot be sent with other file types",
    "whatsapp_count_string": "You will be sending #placeholder1# messages",
    "loading_image": "Loading Image...",
    "reports": "Analytics",
    "usage": "Usage",
    "consent": "Consent",
    "consent_analytics_label": "Values below are organisation level data. These are not dependant on the time period selected",
    "sent_message_split": "Sent message split",
    "sent_message_split_help": "Sent message split",
    "reports_page_header": "Your Analytics",
    "reports_page_sub_header": "Last updated on #placeholder1#",
    "last_7_days": "Last 7 Days",
    "last_30_days": "Last 30 Days",
    "custom_range": "Custom dates",
    "usage_trend": "Usage Trend",
    "consent_trend": "Guest Consent Trend",
    "consent_request_sent": "Consent Request sent",
    "received_messages": "Received messages",
    "sent_messages": "Sent messages",
    "delivered_messages": "Messages delivered",
    "total_messages": "Total messages",
    "sent_messages_mms": "Sent MMSes",
    "delivered_messages_mms": "MMSes delievered",
    "received_messages_mms": "Received MMSes",
    "total_message_mms": "Total MMSes",
    "notification_sent": "Notifications sent",
    "two_way_messages": "2 way messages",
    "total_guests": "Total guests",
    "guests_opted_in": "Guests opted in",
    "no_data_found": "No data found for selected date range",
    "usage_inclusive_of_media": "Numbers shown are inclusive of the media files shared",
    "error_on_date_range_selection": "Date range should be less than or equal to #placeholder1# months",
    "date_picker_apply" : "Apply",

    "block": "Block",
    "unblock": "Unblock",
    "guest_user_blocked_banner_msg": "Messages from #placeholder1# have been blocked",
    "guest_blocked": "Messages cannot be sent to blocked guest",

    "appointment_quick_book":"Appointment Re-Book",
    "appointment_reschedule": "Reschedule Appointment",
    "services": "Services",
    "stylist":"Stylist",
    "choose_date_header":"Choose date for appointment",
    "select_slot_header":"Select preferred time slot",
    "confirm_and_reschedule" : "Confirm & Reschedule",
    "confirm_and_book": "Confirm & Book",
    "re_book": "Re-Book",
    "send_invoice": "Send Invoice",
    "download_invoice": "Download Invoice",
    "reschedule": "Reschedule",
    "send_reminder": "Send Reminder",
    "cancel_appointment": "Cancel Appointment",
    "cancel_appointment_alert_message": "Selected appointment will be cancelled. This action cannot be undone.",
    "cancel_appointment_confirmation_message": "Are you sure you want to cancel?",
    "reminder_sent":"Reminder sent successfully",
    "invoice_sent": "Invoice sent successfully",
    "reason_dropdown_hint":"Select Reason",
    "reason": "Reason",
    "reason_dropdown_label":"Select Reason",
    "loading_appointments":"Loading appointments",
    "appointment_booking_failed":"Appointment booking could not be done because of following reason",
    "appointment_booking_failed_confirmation":"Please resolve above issue or try again later",
    "slots_retrieval_failed":"Slots could not be retrieved because of following reason",
    "slots_retrieval_failed_confirmation":"Please select different date to continue or try again later",
    "loading_slots" : "Loading slots",
    "generic_error_message":"Unknown issue occured",
    "confirming_slots":"Confirming slots",
    "slots_confirmation_failed":"Slots could not be confirmed because of following reason",
    "slots_confirmation_failed_confirmation":"Please select different date or slot to continue or try again later",
    "reserving_slots":"Reserving slots",
    "slots_reservation_failed":"Slots could not be reserved because of following reason",
    "slots_reservation_failed_confirmation":"Please select different slot or date or try again later",
    "no_slots_available":"No slots available for the selected date",
    "reminder_not_sent_header":"Reminder not sent",
    "reminder_not_sent_alert_message":"First Appointment Reminder or Second Appointment Reminder not configured for text. \nPlease configure them before performing this action",
    "reminder_sent_unknown_issue":"Unknown issue occured while sending reminder. Please try again later",
    "invoice_not_sent_error_body":"Invoice could not be sent because of following reason \n  •  ",
    "invoice_not_sent_header":"Invoice not sent",
    "fetching_invoice":"Fetching Invoice",
    "fetching_invoice_error_body":"Invoice could not be downloaded. Please try again later",
    "select_reason_message":"Please select a reason to cancel appointment",
    "cancellation_message":"Cancelling Appointment",
    "cancellation_error":"Appointment could not be cancelled. Please try again later",
    "appointment_booked": "Appointment booked successfully",
    "appointment_cancelled": "Appointment cancelled successfully",
    "send_reminder_alert_message": "Reminder for this appointment will be sent to the guest. Would you like to send the reminder now?",
    "reschedule_error_text": "This appointment belongs to a different center. Please switch to the corresponding center to perform this action.",
    "tab_reply_title": "Reply", 
    "tab_note_title": "Private Note",
    "tab_note_hint_text": "Type to add a private internal note. @mention your coworkers to tag them", 
    "no_mentioned_msg": "There are no mentioned conversations",
    "sms_notification_user_settings": "SMS Notifications",
    "us_recieve_alert_sms_notification": "Receive a SMS notification for a new private note mention"
}